gb|U59183|+|247-859|ARO:3002581|AAC(6')-Ib10 [Pseudomonas aeruginosa] 	612	25	612	+	>7593	2524	55	642	586	587	255	NM:i:1	AS:f:584.06	dv:f:0.00170358	id:f:0.998296	cg:Z:579=1X7=
gb|U59183|+|247-859|ARO:3002581|AAC(6')-Ib10 [Pseudomonas aeruginosa] 	612	2	18	+	<1851	79238	37281	37296	15	16	255	NM:i:1	AS:f:13.06	dv:f:0.0625	id:f:0.9375	cg:Z:15=1I
gb|AY136758|+|377-947|ARO:3002582|AAC(6')-Ib11 [Salmonella enterica subsp. enterica serovar Typhimurium] 	570	20	570	+	>7593	2524	92	642	547	550	255	NM:i:3	AS:f:541.18	dv:f:0.00545455	id:f:0.994545	cg:Z:296=1X2=1X242=1X7=
gb|FJ854362|+|1702-2257|ARO:3002576|AAC(6')-Ib3 [Acinetobacter baumannii] 	555	0	555	+	>7593	2524	87	642	553	555	255	NM:i:2	AS:f:549.12	dv:f:0.0036036	id:f:0.996396	cg:Z:89=1X457=1X7=
gb|AF445082|+|2788-3343|ARO:3002577|AAC(6')-Ib4 [Acinetobacter baumannii] 	555	0	555	+	>7593	2524	87	642	553	555	255	NM:i:2	AS:f:549.12	dv:f:0.0036036	id:f:0.996396	cg:Z:304=1X242=1X7=
gb|AF043381|+|251-863|ARO:3002580|AAC(6')-Ib9 [Pseudomonas aeruginosa] 	612	25	612	+	>7593	2524	55	642	585	587	255	NM:i:2	AS:f:581.12	dv:f:0.00340716	id:f:0.996593	cg:Z:336=1X242=1X7=
gb|AF043381|+|251-863|ARO:3002580|AAC(6')-Ib9 [Pseudomonas aeruginosa] 	612	2	18	+	<1851	79238	37281	37296	15	16	255	NM:i:1	AS:f:13.06	dv:f:0.0625	id:f:0.9375	cg:Z:15=1I
gb|DQ303918|+|0-600|ARO:3002547|AAC(6')-Ib-cr [Escherichia coli] 	600	13	600	+	>7593	2524	55	642	584	587	255	NM:i:3	AS:f:578.18	dv:f:0.00511073	id:f:0.994889	cg:Z:290=1X230=1X57=1X7=
gb|JQ808129|+|633-1188|ARO:3002546|AAC(6')-Ib [Klebsiella pneumoniae] 	555	0	555	+	>7593	2524	87	642	551	555	255	NM:i:4	AS:f:543.24	dv:f:0.00720721	id:f:0.992793	cg:Z:23=1X280=1X161=1X80=1X7=
gb|FJ503047|+|0-519|ARO:3002592|AAC(6')-Ib-Hangzhou [Acinetobacter baumannii] 	519	0	519	+	>7593	2524	123	642	516	519	255	NM:i:3	AS:f:510.18	dv:f:0.00578035	id:f:0.99422	cg:Z:19=1X248=1X242=1X7=
gb|AY660529.1|+|121-676|ARO:3003676|AAC(6')-Ib' [Pseudomonas aeruginosa] 	555	0	555	+	>7593	2524	87	642	554	555	255	NM:i:1	AS:f:552.06	dv:f:0.0018018	id:f:0.998198	cg:Z:304=1X250=
gb|EU085533|+|0-519|ARO:3002591|AAC(6')-Ib-Suzhou [Enterobacter cloacae] 	519	0	519	+	>7593	2524	123	642	517	520	255	NM:i:3	AS:f:510.18	dv:f:0.00576923	id:f:0.994231	cg:Z:508=1D2=1X1I7=
gb|GU565967.1|-|24979-26419|ARO:3002597|AAC(6')-Ie-APH(2'')-Ia [Staphylococcus aureus] 	1440	0	1440	+	<20533	2028	454	1894	1440	1440	255	NM:i:0	AS:f:1440	dv:f:0	id:f:1	cg:Z:1440=
gb|FJ381668|+|56-848|ARO:3002612|aadA12 [Escherichia coli] 	792	0	790	+	>7593	2524	711	1498	747	792	255	NM:i:45	AS:f:657.7	dv:f:0.0568182	id:f:0.943182	cg:Z:7=1X8=1X1=2X4=1X1=1X4=1I1=1X1D13=2X1=2X7=1X11=1X3=1X1=1X14=1X39=1X4=1X453=1X46=2X1=1X5=1X2=1X18=1X12=1X3=1X8=1X6=3I7=1X9=1X11=1X12=1X3=1X2=2X16=1X3=1D2=1I3=1X2=1X4=
gb|DQ393783|+|1799-2591|ARO:3002615|aadA15 [Pseudomonas aeruginosa] 	792	0	790	+	>7593	2524	711	1498	764	791	255	NM:i:27	AS:f:710.62	dv:f:0.034134	id:f:0.965866	cg:Z:92=1X446=1X51=1X46=2X1=1X5=1X2=1X18=1X12=1X3=1X8=1X6=3I7=1X9=1X11=1X12=1X3=1X2=2X16=1X3=1D2=1I3=1X2=1X4=
gb|FJ460181|+|1790-2582|ARO:3002617|aadA17 [Aeromonas media] 	792	0	792	+	>7591	2621	1687	2479	761	792	255	NM:i:31	AS:f:700.86	dv:f:0.0391414	id:f:0.960859	cg:Z:59=1X11=1X3=1X1=1X14=1X39=1X4=1X12=1X7=1X3=1X6=1X12=1X11=1X3=1X4=1X6=1X4=2X9=1X6=1X10=2X9=1X11=1X4=1X5=1X11=1X14=1X11=1X38=1X19=1X415=
gb|AY171244|+|46-838|ARO:3002618|aadA21 [Salmonella enterica subsp. enterica serovar Typhimurium] 	792	0	792	+	>7593	2524	711	1500	767	794	255	NM:i:27	AS:f:712.62	dv:f:0.034005	id:f:0.965995	cg:Z:7=1X8=1X1=2X4=1X1=1X4=1I1=1X1D13=2X1=2X7=1X11=1X3=1X1=1X14=1X39=1X4=1X486=1D1=1I57=1X23=3I39=1X42=
gb|AM261837|+|73-865|ARO:3002619|aadA22 [Salmonella enterica subsp. enterica serovar Typhimurium] 	792	0	792	+	>7593	2524	711	1500	767	793	255	NM:i:26	AS:f:715.56	dv:f:0.0327869	id:f:0.967213	cg:Z:7=1X8=1X1=2X4=1X1=1X4=1I1=1X1D13=2X1=2X7=1X11=1X3=1X1=1X14=1X39=1X4=1X545=1X23=3I39=1X30=1X11=
gb|AJ809407|+|118-898|ARO:3002620|aadA23 [Salmonella enterica subsp. enterica serovar Agona] 	780	8	780	+	>7593	2524	731	1500	751	773	255	NM:i:22	AS:f:707.32	dv:f:0.0284605	id:f:0.971539	cg:Z:4=1X1=1X4=1I1=1X1D13=2X1=2X7=1X11=1X3=1X1=1X14=1X39=1X4=1X296=1X248=1X23=3I39=1X42=
gb|DQ677333|+|0-780|ARO:3002621|aadA24 [Salmonella enterica subsp. enterica serovar Newport] 	780	8	780	+	>7593	2524	731	1500	758	773	255	NM:i:15	AS:f:727.9	dv:f:0.0194049	id:f:0.980595	cg:Z:4=1X1=1X4=1I1=1X1D13=2X1=2X7=1X623=1X23=3I12=1X69=
gb|CP003022|+|336788-337580|ARO:3003197|aadA25 [Pasteurella multocida 36950] 	792	0	790	+	>7591	2621	1687	2477	758	792	255	NM:i:34	AS:f:690.04	dv:f:0.0429293	id:f:0.957071	cg:Z:7=1X198=1X185=1X6=1X4=1X38=1X2=1X9=1X7=1X23=1X8=1X1=2X8=1D2=1I14=1X12=1X141=1D2=1I2=1X8=1X6=1X9=1X9=1X11=1X12=1X3=1X2=2X16=1X4=2X3=1X2=1X4=
gb|AF156486|+|5012-5792|ARO:3002602|aadA2 [Klebsiella pneumoniae] 	780	0	780	+	>7591	2621	1699	2479	780	780	255	NM:i:0	AS:f:780	dv:f:0	id:f:1	cg:Z:780=
gb|AF047479|+|1295-2087|ARO:3002603|aadA3 [Plasmid NR79] 	792	0	790	+	>7591	2621	1687	2477	782	790	255	NM:i:8	AS:f:766.48	dv:f:0.0101266	id:f:0.989873	cg:Z:751=1X2=2X16=1X4=2X3=1X2=1X4=
gb|AM040708.1|+|1173-1965|ARO:3004704|aadA8b [Escherichia coli] 	792	0	790	+	>7591	2621	1687	2477	765	791	255	NM:i:26	AS:f:713.56	dv:f:0.0328698	id:f:0.96713	cg:Z:7=1X198=1X431=2X1=1X5=1X2=1X18=1X11=1D2=1I2=1X8=1X6=1X9=1X9=1X11=1X12=1X1=1X1=1X2=2X16=1X4=2X3=1X2=1X4=
gb|AY139603|+|106-898|ARO:3002608|aadA8 [uncultured bacterium] 	792	0	790	+	>7591	2621	1687	2477	767	791	255	NM:i:24	AS:f:719.44	dv:f:0.0303413	id:f:0.969659	cg:Z:392=1X245=2X1=1X5=1X2=1X18=1X11=1D2=1I2=1X8=1X6=1X9=1X9=1X11=1X12=1X3=1X2=2X16=1X4=2X3=1X2=1X4=
gb|AF550679.1|-|80976-81768|ARO:3002601|aadA [Escherichia coli] 	792	0	792	+	>7593	2524	711	1500	787	792	255	NM:i:5	AS:f:777.3	dv:f:0.00631313	id:f:0.993687	cg:Z:683=1X23=3I39=1X42=
gb|AF078527|+|3769-4303|ARO:3000230|ANT(2'')-Ia [Pseudomonas aeruginosa] 	534	0	534	+	>20959	2956	66	600	534	534	255	NM:i:0	AS:f:534	dv:f:0	id:f:1	cg:Z:534=
gb|GQ900432.1|-|26737-27499|ARO:3003905|ANT(4')-Ib [Staphylococcus aureus] 	762	0	762	+	<117	4663	195	957	762	762	255	NM:i:0	AS:f:762	dv:f:0	id:f:1	cg:Z:762=
gb|X02588.1|+|330-1113|ARO:3002630|ANT(9)-Ia [Staphylococcus aureus] 	783	0	783	+	>499	6714	3648	4431	783	783	255	NM:i:0	AS:f:783	dv:f:0	id:f:1	cg:Z:783=
gb|BX664015.1|-|103017-103833|ARO:3002641|APH(3')-Ia [Serratia marcescens] 	816	0	816	+	<2645<22251	3710	75	891	815	816	255	NM:i:1	AS:f:813.06	dv:f:0.00122549	id:f:0.998775	cg:Z:229=1X586=
gb|AF313472|+|15593-16397|ARO:3002639|APH(3'')-Ib [Pseudomonas aeruginosa] 	804	0	804	+	>5093	1714	32	836	803	804	255	NM:i:1	AS:f:801.06	dv:f:0.00124378	id:f:0.998756	cg:Z:346=1X457=
gb|AF024602|+|3155-3992|ARO:3002660|APH(6)-Id [Pseudomonas aeruginosa] 	837	0	837	+	>5093	1714	835	1672	835	837	255	NM:i:2	AS:f:831.12	dv:f:0.00238949	id:f:0.997611	cg:Z:138=1X635=1X62=
gb|FO834906.1|+|304977-306633|ARO:3005053|ArnT [Klebsiella pneumoniae] 	1656	0	1656	+	<33285	33712	15101	16757	1645	1656	255	NM:i:11	AS:f:1623.66	dv:f:0.00664251	id:f:0.993357	cg:Z:80=1X258=1X6=1X1=1X103=1X4=1X177=1X44=1X161=1X107=1X163=1X541=
gb|U00096.3|-|3203309-3204131|ARO:3002986|bacA [Escherichia coli str. K-12 substr. MG1655] 	822	0	820	+	>7845	127107	6667	7487	795	820	255	NM:i:25	AS:f:746.5	dv:f:0.0304878	id:f:0.969512	cg:Z:149=1X26=1X2=1X2=1X2=1X11=1X14=1X5=1X2=1X8=1X20=1X11=1X48=1X28=1X32=1X15=1X16=1X62=1X47=1X2=1X35=1X26=1X74=1X1=1X105=1X52=
gb|V00622|+|243-903|ARO:3002683|catI [Escherichia coli] 	660	0	660	+	<77	3085	208	868	657	660	255	NM:i:3	AS:f:651.18	dv:f:0.00454545	id:f:0.995455	cg:Z:261=1X322=1X51=1X23=
gb|X53796.1|+|186-828|ARO:3004656|catII_from_Escherichia_coli_K-12 [Escherichia coli K-12] 	642	0	642	+	>173	1500	719	1361	617	642	255	NM:i:25	AS:f:568.5	dv:f:0.0389408	id:f:0.961059	cg:Z:47=1X74=1X9=1X1=1X2=1X75=1X7=1X8=1X11=1X50=1X44=1X8=1X8=1X23=1X47=1X5=1X23=1X5=1X24=1X13=1X33=1X34=1X8=1X12=1X7=1X39=
gb|KF921535.1|+|617-1091|ARO:3002859|dfrA14 [Escherichia coli] 	474	0	474	+	>27465	604	72	546	474	474	255	NM:i:0	AS:f:474	dv:f:0	id:f:1	cg:Z:474=
gb|AP009048|-|4338624-4340268|ARO:3003576|eptA [Escherichia coli str. K-12 substr. W3110] 	1644	0	1644	+	<7505	79789	20663	22307	1603	1645	255	NM:i:42	AS:f:1520.52	dv:f:0.0255319	id:f:0.974468	cg:Z:56=1X71=1X44=1X41=1X14=1X23=1X5=1X93=1X70=1X11=1X11=1X47=1X50=1X146=1X1=1X96=1X20=1X176=1X1=2X5=1X5=1X26=1X2=1X4=1X18=1X8=1X5=1X14=1X5=1X17=1X41=1X26=1X32=1X2=1X18=1X316=1X2=1I2=1D6=2X1=1X72=
gb|FO203501.1|+|5123640-5125365|ARO:3005047|eptB [Klebsiella pneumoniae subsp. rhinoscleromatis SB3432] 	1725	0	1725	+	>655	18772	15309	17034	1721	1725	255	NM:i:4	AS:f:1713.24	dv:f:0.00231884	id:f:0.997681	cg:Z:436=1X413=1X65=1X69=1X738=
gb|X03216.1|-|4550-5282|ARO:3000347|ErmA [Staphylococcus aureus] 	732	0	732	+	<499	6714	1426	2158	732	732	255	NM:i:0	AS:f:732	dv:f:0	id:f:1	cg:Z:732=
gb|FN649414.1|+|2765050-2766355|ARO:3004611|Escherichia_coli_ampC1_beta-lactamase [Escherichia coli ETEC H10407] 	1305	0	1305	+	>27823	21100	10684	11989	1246	1306	255	NM:i:60	AS:f:1128.6	dv:f:0.0459418	id:f:0.954058	cg:Z:38=1X2=1X41=1X11=1X26=1X17=1X16=1X10=1X16=1X2=1X17=1X17=1X25=1X3=1X4=2X8=1X26=1X17=1X11=1X8=1X62=1X11=1X2=1X2=1X2=1X2=2X1=1X2=1X14=1X14=1X122=1X17=1X53=1X19=1X39=1X8=1X5=1X6=1X16=1X2=1X18=1X28=1X2=1X71=1X74=1X29=1X53=1X77=1X2=1X8=1X33=1X34=1X11=1X5=1X27=1X1=1X54=1D2=1I3=
gb|U00096.3|-|4377810-4378944|ARO:3004290|Escherichia_coli_ampC [Escherichia coli str. K-12 substr. MG1655] 	1134	0	1134	+	>4579	16513	13480	14614	1111	1135	255	NM:i:24	AS:f:1063.44	dv:f:0.0211454	id:f:0.978855	cg:Z:21=1X34=1X68=1X131=1X128=1X183=1X31=1X21=1X16=1X32=1X11=1X81=1X19=1X62=1X40=1X52=1X28=1X20=1X71=1X29=1X1I2=1D17=1X3=1X11=
gb|AP012030.1|-|395553-396711|ARO:3004612|Escherichia_coli_ampH [Escherichia coli DH1] 	1158	0	1158	+	>33403	42656	38505	39663	1128	1158	255	NM:i:30	AS:f:1069.8	dv:f:0.0259067	id:f:0.974093	cg:Z:89=1X65=1X89=1X38=1X113=1X65=1X41=1X2=1X2=1X2=1X2=1X11=1X5=1X5=1X8=1X5=1X2=1X5=1X107=1X26=1X2=1X17=1X110=1X98=1X110=1X20=1X2=1X50=1X2=1X20=1X15=
gb|KP143090.1|-|1199-1619|ARO:3003209|FosA5 [Escherichia coli] 	420	0	420	+	<1851	79238	13888	14308	412	420	255	NM:i:8	AS:f:396.48	dv:f:0.0190476	id:f:0.980952	cg:Z:85=1X180=1X3=1X25=1X2=1X83=1X28=1X1=1X5=
gb|KU254579.1|+|59421-59841|ARO:3004111|FosA6 [Escherichia coli] 	420	0	420	+	<1851	79238	13888	14308	418	420	255	NM:i:2	AS:f:414.12	dv:f:0.0047619	id:f:0.995238	cg:Z:132=1X255=1X31=
gb|U00096.3|-|721055-721733|ARO:3003841|kdpE [Escherichia coli str. K-12 substr. MG1655] 	678	0	678	+	>7827	36552	19426	20104	655	678	255	NM:i:23	AS:f:610.38	dv:f:0.0339233	id:f:0.966077	cg:Z:269=1X23=1X50=1X14=1X26=1X14=1X56=1X2=1X5=1X14=1X14=1X11=1X15=1X1=1X2=1X2=1X11=1X23=1X20=1X20=1X2=1X14=1X29=1X18=
gb|AJ011502.1|+|300-1425|ARO:3004122|Klebsiella_pneumoniae_OmpK37 [Klebsiella pneumoniae] 	1125	0	1125	+	>4387	69055	5330	6485	1082	1156	255	NM:i:74	AS:f:907.44	dv:f:0.0640138	id:f:0.935986	cg:Z:209=1X95=1X29=1X2=1X44=1X80=1X11=1X119=1X26=1X62=1X1I2X1D2=1X3=1X1D2X2=1X4D1X1D1=1X3=1X1D3=3X1D2=1X4D4=1X8=1X38=1X38=1X1D1=1X3D1=1X2D1X2D1=2X1D2=1X1=2X2D1X1D2=1X3D1=1X1D2X2D10=1X282=
gb|KC243783|+|0-2007|ARO:3000617|mecA [Staphylococcus aureus] 	2007	0	2007	+	>32799	11363	7593	9600	2004	2007	255	NM:i:3	AS:f:1998.18	dv:f:0.00149477	id:f:0.998505	cg:Z:74=1X639=1X21=1X1270=
gb|BA000018.3|+|48893-49265|ARO:3000124|mecI [Staphylococcus aureus subsp. aureus N315] 	372	0	372	+	<32799	11363	5626	5998	371	372	255	NM:i:1	AS:f:369.06	dv:f:0.00268817	id:f:0.997312	cg:Z:42=1X329=
gb|CP000703.1|+|40848-42606|ARO:3000215|mecR1 [Staphylococcus aureus subsp. aureus JH9] 	1758	0	1758	+	<32799	11363	3869	5627	1757	1758	255	NM:i:1	AS:f:1755.06	dv:f:0.000568828	id:f:0.999431	cg:Z:1748=1X9=
gb|FO834906.1|-|2173974-2175099|ARO:3005044|OmpA [Klebsiella pneumoniae] 	1125	0	1125	+	<2227	24351	9172	10297	1122	1125	255	NM:i:3	AS:f:1116.18	dv:f:0.00266667	id:f:0.997333	cg:Z:383=1X610=1X21=1X108=
gb|M55547|+|0-825|ARO:3001404|OXA-9 [Klebsiella pneumoniae] 	825	0	825	+	>7593	2524	1559	2384	824	825	255	NM:i:1	AS:f:822.06	dv:f:0.00121212	id:f:0.998788	cg:Z:334=1X490=
gb|D16171|+|382-1042|ARO:3002689|plasmid-encoded_cat_(pp-cat) [Photobacterium damselae subsp. piscicida] 	660	0	660	+	<77	3085	208	868	649	660	255	NM:i:11	AS:f:627.66	dv:f:0.0166667	id:f:0.983333	cg:Z:128=1X2=1X5=1X23=1X99=1X19=1X87=1X1=1X32=1X8=1X222=1X23=
gb|U00096|+|2367070-2368039|ARO:3003578|pmrF [Escherichia coli str. K-12 substr. MG1655] 	969	0	969	+	<3167	45259	23376	24345	949	969	255	NM:i:20	AS:f:910.2	dv:f:0.0206398	id:f:0.97936	cg:Z:92=1X1=1X12=2X86=2X75=1X2=1X20=1X26=1X11=1X137=1X2=1X122=1X38=1X50=1X47=1X21=1X28=1X80=1X99=
gb|EU155018|+|0-861|ARO:3001150|SHV-101 [Klebsiella pneumoniae] 	861	0	861	+	<5151	3319	23	884	853	861	255	NM:i:8	AS:f:837.48	dv:f:0.00929152	id:f:0.990708	cg:Z:91=1X536=1X70=1X2=1X1=1X14=1X41=1X8=1X90=
gb|EU024485|+|0-861|ARO:3001151|SHV-102 [Escherichia coli] 	861	0	861	+	<5151	3319	23	884	853	861	255	NM:i:8	AS:f:837.48	dv:f:0.00929152	id:f:0.990708	cg:Z:91=1X309=1X297=2X1=1X58=1X23=1X2=1X72=
gb|EU032604|+|0-861|ARO:3001152|SHV-103 [Klebsiella pneumoniae] 	861	0	861	+	<5151	3319	23	884	854	861	255	NM:i:7	AS:f:840.42	dv:f:0.00813008	id:f:0.99187	cg:Z:91=1X264=1X342=1X2=1X45=1X12=1X23=1X75=
gb|EU274581|+|0-861|ARO:3001153|SHV-104 [Klebsiella pneumoniae] 	861	1	861	+	<5151	3319	24	884	854	860	255	NM:i:6	AS:f:842.36	dv:f:0.00697674	id:f:0.993023	cg:Z:90=1X499=1X107=1X2=1X16=1X41=1X99=
gb|FJ194944|+|46-907|ARO:3001154|SHV-105 [Klebsiella pneumoniae] 	861	0	861	+	<5151	3319	23	884	853	861	255	NM:i:8	AS:f:837.48	dv:f:0.00929152	id:f:0.990708	cg:Z:9=1X81=1X22=1X241=1X97=1X249=1X53=1X2=1X99=
gb|AM941847|+|0-861|ARO:3001155|SHV-106 [Klebsiella pneumoniae] 	861	0	861	+	<5151	3319	23	884	853	862	255	NM:i:9	AS:f:834.54	dv:f:0.0104408	id:f:0.989559	cg:Z:7=1X83=1X231=1X308=1X69=1X1I1=1X1D79=1X75=
gb|AM941848|+|0-861|ARO:3001156|SHV-107 [Klebsiella pneumoniae] 	861	0	861	+	<5151	3319	23	884	855	861	255	NM:i:6	AS:f:843.36	dv:f:0.00696864	id:f:0.993031	cg:Z:323=1X366=1X8=1X2=1X16=1X41=1X99=
gb|HM751100|+|0-861|ARO:3001157|SHV-108 [Klebsiella pneumoniae] 	861	0	861	+	<5151	3319	23	884	853	861	255	NM:i:8	AS:f:837.48	dv:f:0.00929152	id:f:0.990708	cg:Z:356=1X52=1X289=1X2=1X1=1X56=1X2=1X20=1X75=
gb|EU418913|+|16-877|ARO:3001158|SHV-109 [Klebsiella pneumoniae] 	861	0	861	+	<5151	3319	23	884	854	861	255	NM:i:7	AS:f:840.42	dv:f:0.00813008	id:f:0.99187	cg:Z:16=1X546=1X135=1X2=1X16=1X41=1X22=1X76=
gb|HQ877615|+|0-861|ARO:3001159|SHV-110 [Klebsiella pneumoniae] 	861	0	861	+	<5151	3319	23	884	854	861	255	NM:i:7	AS:f:840.42	dv:f:0.00813008	id:f:0.99187	cg:Z:323=1X32=1X97=1X244=1X2=1X58=1X23=1X75=
gb|AB372881|+|8-869|ARO:3001160|SHV-111 [Klebsiella pneumoniae] 	861	0	861	+	<5151	3319	23	884	852	862	255	NM:i:10	AS:f:831.6	dv:f:0.0116009	id:f:0.988399	cg:Z:91=1X264=1X150=1X191=1X2=1X1I1=1X1D52=1X2=1X99=
gb|KJ776406|+|16-877|ARO:3001340|SHV-119 [Klebsiella pneumoniae] 	861	0	861	+	<5151	3319	23	884	854	861	255	NM:i:7	AS:f:840.42	dv:f:0.00813008	id:f:0.99187	cg:Z:6=1X52=1X404=1X234=1X2=1X1=1X56=1X99=
gb|X98101|+|73-934|ARO:3001070|SHV-11 [Klebsiella pneumoniae] 	861	0	861	+	<5151	3319	23	884	857	861	255	NM:i:4	AS:f:849.24	dv:f:0.00464576	id:f:0.995354	cg:Z:323=1X375=1X2=1X58=1X99=
gb|JF812965|+|0-861|ARO:3001167|SHV-120 [Escherichia coli] 	861	0	861	+	<5151	3319	23	884	856	861	255	NM:i:5	AS:f:846.3	dv:f:0.0058072	id:f:0.994193	cg:Z:91=1X309=1X297=1X61=1X23=1X75=
gb|HQ661362|+|71-932|ARO:3001168|SHV-121 [Klebsiella pneumoniae] 	861	0	861	+	<5151	3319	23	884	854	861	255	NM:i:7	AS:f:840.42	dv:f:0.00813008	id:f:0.99187	cg:Z:39=1X12=1X319=1X326=1X2=1X1=1X56=1X99=
gb|HM751103.1|+|0-864|ARO:3001169|SHV-122 [Klebsiella pneumoniae] 	864	0	864	+	<5151	3319	23	884	855	865	255	NM:i:10	AS:f:834.6	dv:f:0.0115607	id:f:0.988439	cg:Z:356=1X120=1I3=1I2=1I2=1X214=1X2=1X1I1=1X1D155=
gb|GQ390805|+|0-813|ARO:3001170|SHV-123 [Klebsiella pneumoniae] 	813	0	813	+	<5151	3319	23	836	807	813	255	NM:i:6	AS:f:795.36	dv:f:0.00738007	id:f:0.99262	cg:Z:401=1X336=2X5=1X15=1X23=1X27=
gb|GQ390806|+|0-813|ARO:3001171|SHV-124 [Klebsiella pneumoniae] 	813	0	813	+	<5151	3319	23	836	808	813	255	NM:i:5	AS:f:798.3	dv:f:0.00615006	id:f:0.99385	cg:Z:80=1X10=1X309=1X359=1X23=1X27=
gb|GQ390807|+|0-813|ARO:3001172|SHV-125 [Klebsiella pneumoniae] 	813	0	813	+	<5151	3319	23	836	805	813	255	NM:i:8	AS:f:789.48	dv:f:0.0098401	id:f:0.99016	cg:Z:18=2X71=1X309=1X297=1X2=1X58=1X23=1X27=
gb|GQ390808|+|0-813|ARO:3001173|SHV-126 [Escherichia coli] 	813	0	813	+	<5151	3319	23	836	808	813	255	NM:i:5	AS:f:798.3	dv:f:0.00615006	id:f:0.99385	cg:Z:91=1X309=1X297=1X60=1X24=1X27=
gb|GQ390809|+|0-813|ARO:3001174|SHV-127 [Klebsiella pneumoniae] 	813	0	813	+	<5151	3319	23	836	805	813	255	NM:i:8	AS:f:789.48	dv:f:0.0098401	id:f:0.99016	cg:Z:7=1X83=1X309=1X297=1X2=1X46=1X11=1X23=1X27=
gb|GU932590|+|0-861|ARO:3001175|SHV-128 [Enterobacter cloacae] 	861	0	861	+	<5151	3319	23	884	856	862	255	NM:i:6	AS:f:843.36	dv:f:0.00696056	id:f:0.993039	cg:Z:350=1X3=1X406=1X64=1D1=1I10=1X22=
gb|GU827715|+|0-861|ARO:3001176|SHV-129 [Escherichia coli] 	861	0	861	+	<5151	3319	23	884	857	861	255	NM:i:4	AS:f:849.24	dv:f:0.00464576	id:f:0.995354	cg:Z:761=1X43=3X53=
gb|AJ920369|+|23-860|ARO:3001071|SHV-12 [Escherichia coli] 	837	0	837	+	<5151	3319	23	860	836	837	255	NM:i:1	AS:f:834.06	dv:f:0.00119474	id:f:0.998805	cg:Z:761=1X75=
gb|AB551737|+|14-875|ARO:3001177|SHV-133 [Klebsiella pneumoniae] 	861	0	861	+	<5151	3319	23	884	854	861	255	NM:i:7	AS:f:840.42	dv:f:0.00813008	id:f:0.99187	cg:Z:91=1X538=1X68=1X2=1X16=1X41=1X8=1X90=
gb|HM559945|+|0-861|ARO:3001178|SHV-134 [Klebsiella pneumoniae] 	861	0	861	+	<5151	3319	23	884	859	861	255	NM:i:2	AS:f:855.12	dv:f:0.00232288	id:f:0.997677	cg:Z:447=1X313=1X99=
gb|HQ637576|+|0-861|ARO:3001179|SHV-135 [Escherichia coli] 	861	0	861	+	<5151	3319	23	884	855	861	255	NM:i:6	AS:f:843.36	dv:f:0.00696864	id:f:0.993031	cg:Z:78=1X467=1X152=1X2=1X16=1X41=1X99=
gb|HQ661363|+|71-932|ARO:3001181|SHV-137 [Klebsiella pneumoniae] 	861	0	861	+	<5151	3319	23	884	852	861	255	NM:i:9	AS:f:834.54	dv:f:0.010453	id:f:0.989547	cg:Z:91=1X231=1X103=1X271=1X2=1X1=1X36=1X19=1X23=1X75=
gb|AF164577|+|0-861|ARO:3001072|SHV-13 [Klebsiella pneumoniae] 	861	0	861	+	<5151	3319	23	884	858	862	255	NM:i:4	AS:f:849.24	dv:f:0.00464037	id:f:0.99536	cg:Z:699=1D2=1X1I58=1X99=
gb|JN051143|+|0-861|ARO:3001182|SHV-140 [Klebsiella pneumoniae] 	861	2	861	+	<5151	3319	25	884	850	859	255	NM:i:9	AS:f:832.54	dv:f:0.0104773	id:f:0.989523	cg:Z:89=1X141=1X45=1X76=1X342=1X2=1X1=1X53=1X2=1X99=
gb|JQ388884|+|0-861|ARO:3001183|SHV-141 [Klebsiella pneumoniae] 	861	0	861	+	<5151	3319	23	884	854	861	255	NM:i:7	AS:f:840.42	dv:f:0.00813008	id:f:0.99187	cg:Z:91=1X22=1X241=1X345=1X1=1X53=1X2=1X99=
gb|JQ029959|+|28-889|ARO:3001184|SHV-142 [Klebsiella pneumoniae] 	861	0	861	+	<5151	3319	23	884	855	861	255	NM:i:6	AS:f:843.36	dv:f:0.00696864	id:f:0.993031	cg:Z:39=1X659=1X2=1X16=1X41=1X8=1X90=
gb|JQ341060.1|-|881-1742|ARO:3001344|SHV-143 [Klebsiella pneumoniae] 	861	0	861	+	<5151	3319	23	884	852	862	255	NM:i:10	AS:f:831.6	dv:f:0.0116009	id:f:0.988399	cg:Z:91=1X309=1X76=1X220=1X2=1X1I1=1X1D55=1X23=1X75=
gb|JQ926986|+|0-861|ARO:3001345|SHV-144 [Klebsiella pneumoniae] 	861	0	861	+	<5151	3319	23	884	854	861	255	NM:i:7	AS:f:840.42	dv:f:0.00813008	id:f:0.99187	cg:Z:356=1X67=1X274=1X2=1X1=1X53=1X2=1X99=
gb|JX013655|+|0-861|ARO:3001185|SHV-145 [Klebsiella pneumoniae] 	861	0	861	+	<5151	3319	23	884	855	861	255	NM:i:6	AS:f:843.36	dv:f:0.00696864	id:f:0.993031	cg:Z:91=1X260=1X346=1X2=1X16=1X41=1X99=
gb|JX121114|+|0-858|ARO:3001186|SHV-147 [Klebsiella pneumoniae] 	858	0	858	+	<5151	3319	23	881	851	858	255	NM:i:7	AS:f:837.42	dv:f:0.00815851	id:f:0.991841	cg:Z:91=1X106=1X500=1X2=1X16=1X41=1X24=1X71=
gb|JX121115|+|0-858|ARO:3001187|SHV-148 [Klebsiella pneumoniae] 	858	0	856	+	<5151	3319	23	879	851	856	255	NM:i:5	AS:f:841.3	dv:f:0.00584112	id:f:0.994159	cg:Z:91=1X607=1X2=1X16=1X41=1X94=
gb|JX121116|+|0-858|ARO:3001188|SHV-149 [Klebsiella pneumoniae] 	858	0	858	+	<5151	3319	23	881	850	858	255	NM:i:8	AS:f:834.48	dv:f:0.00932401	id:f:0.990676	cg:Z:91=1X11=1X10=1X324=1X259=1X2=1X16=1X41=1X96=
gb|AF226622|+|54-915|ARO:3001073|SHV-14 [Klebsiella pneumoniae] 	861	0	861	+	<5151	3319	23	884	853	861	255	NM:i:8	AS:f:837.48	dv:f:0.00929152	id:f:0.990708	cg:Z:9=1X81=1X22=1X241=1X342=1X2=1X1=1X56=1X99=
gb|JX121117|+|0-858|ARO:3001189|SHV-150 [Klebsiella pneumoniae] 	858	0	858	+	<5151	3319	23	881	851	858	255	NM:i:7	AS:f:837.42	dv:f:0.00815851	id:f:0.991841	cg:Z:91=1X264=1X342=1X2=1X16=1X7=1X33=1X96=
gb|JX121118|+|0-858|ARO:3001190|SHV-151 [Klebsiella pneumoniae] 	858	0	858	+	<5151	3319	23	881	850	858	255	NM:i:8	AS:f:834.48	dv:f:0.00932401	id:f:0.990676	cg:Z:91=1X14=1X7=1X241=1X342=1X2=1X16=1X41=1X96=
gb|JX121119|+|0-858|ARO:3001191|SHV-152 [Klebsiella pneumoniae] 	858	0	858	+	<5151	3319	23	881	852	858	255	NM:i:6	AS:f:840.36	dv:f:0.00699301	id:f:0.993007	cg:Z:91=1X73=1X157=1X378=1X58=1X23=1X72=
gb|JX121120|+|0-858|ARO:3001192|SHV-153 [Klebsiella pneumoniae] 	858	0	858	+	<5151	3319	23	881	852	858	255	NM:i:6	AS:f:840.36	dv:f:0.00699301	id:f:0.993007	cg:Z:91=1X309=1X300=1X58=1X23=1X13=1X58=
gb|JX121121|+|0-858|ARO:3001193|SHV-154 [Klebsiella pneumoniae] 	858	0	858	+	<5151	3319	23	881	853	858	255	NM:i:5	AS:f:843.3	dv:f:0.00582751	id:f:0.994172	cg:Z:91=1X22=1X589=1X53=1X2=1X96=
gb|JX121122|+|0-858|ARO:3001194|SHV-155 [Klebsiella pneumoniae] 	858	0	856	+	<5151	3319	23	879	851	856	255	NM:i:5	AS:f:841.3	dv:f:0.00584112	id:f:0.994159	cg:Z:699=1X2=1X1=1X56=1X32=1X61=
gb|JX121123|+|0-861|ARO:3001195|SHV-156 [Klebsiella pneumoniae] 	861	0	861	+	<5151	3319	23	884	854	861	255	NM:i:7	AS:f:840.42	dv:f:0.00813008	id:f:0.99187	cg:Z:259=1X63=1X111=1X263=1X2=1X1=1X56=1X99=
gb|JX121124|+|0-861|ARO:3001196|SHV-157 [Klebsiella pneumoniae] 	861	0	861	+	<5151	3319	23	884	853	861	255	NM:i:8	AS:f:837.48	dv:f:0.00929152	id:f:0.990708	cg:Z:210=1X145=1X179=1X162=1X2=1X1=1X56=1X71=1X27=
gb|JX121125|+|0-858|ARO:3001197|SHV-158 [Klebsiella pneumoniae] 	858	0	858	+	<5151	3319	23	881	851	858	255	NM:i:7	AS:f:837.42	dv:f:0.00815851	id:f:0.991841	cg:Z:159=1X163=1X375=1X2=1X1=1X56=1X32=1X63=
gb|JX121126|+|0-858|ARO:3001198|SHV-159 [Klebsiella pneumoniae] 	858	0	858	+	<5151	3319	23	881	851	858	255	NM:i:7	AS:f:837.42	dv:f:0.00815851	id:f:0.991841	cg:Z:323=1X301=1X73=1X2=1X1=1X56=1X32=1X63=
gb|AJ011428|+|0-861|ARO:3001074|SHV-15 [Escherichia coli] 	861	0	861	+	<5151	3319	23	884	858	861	255	NM:i:3	AS:f:852.18	dv:f:0.00348432	id:f:0.996516	cg:Z:225=1X26=1X508=1X99=
gb|JX121127|+|0-861|ARO:3001199|SHV-160 [Klebsiella pneumoniae] 	861	0	861	+	<5151	3319	23	884	859	861	255	NM:i:2	AS:f:855.12	dv:f:0.00232288	id:f:0.997677	cg:Z:99=1X661=1X99=
gb|JX121128|+|0-861|ARO:3001200|SHV-161 [Klebsiella pneumoniae] 	861	0	861	+	<5151	3319	23	884	855	861	255	NM:i:6	AS:f:843.36	dv:f:0.00696864	id:f:0.993031	cg:Z:91=1X22=1X584=1X2=1X58=1X23=1X75=
gb|JX121129|+|0-858|ARO:3001201|SHV-162 [Klebsiella pneumoniae] 	858	0	858	+	<5151	3319	23	881	848	859	255	NM:i:11	AS:f:825.66	dv:f:0.0128056	id:f:0.987194	cg:Z:91=1X22=1X11=1X229=1X179=1X165=1X1I1=1X1D52=1X2=1X96=
gb|JX121130|+|0-858|ARO:3001202|SHV-163 [Klebsiella pneumoniae] 	858	0	856	+	<5151	3319	23	879	849	856	255	NM:i:7	AS:f:835.42	dv:f:0.00817757	id:f:0.991822	cg:Z:91=1X22=1X241=1X345=1X1=1X53=1X2=1X94=
gb|HE981194|+|0-861|ARO:3001347|SHV-164 [Klebsiella pneumoniae] 	861	0	861	+	<5151	3319	23	884	853	862	255	NM:i:9	AS:f:834.54	dv:f:0.0104408	id:f:0.989559	cg:Z:91=1X63=1X476=1X66=1X2=1X1I1=1X1D1X154=
gb|JX121131|+|0-858|ARO:3001203|SHV-165 [Klebsiella pneumoniae] 	858	0	858	+	<5151	3319	23	881	853	858	255	NM:i:5	AS:f:843.3	dv:f:0.00582751	id:f:0.994172	cg:Z:39=1X51=1X309=1X359=1X23=1X72=
gb|AB733453|+|3-849|ARO:3001204|SHV-167 [Klebsiella pneumoniae] 	846	0	846	+	<5151	3319	23	869	836	846	255	NM:i:10	AS:f:816.6	dv:f:0.0118203	id:f:0.98818	cg:Z:91=1X155=1X73=1X34=1X67=1X274=1X2=1X1=1X56=1X23=1X60=
gb|JX870080|+|0-861|ARO:3001352|SHV-168 [Klebsiella pneumoniae] 	861	0	861	+	<5151	3319	23	884	850	862	255	NM:i:12	AS:f:825.72	dv:f:0.0139211	id:f:0.986079	cg:Z:9=1X19=1X61=1X264=1X67=1X274=1X2=1X1I1=1X1D52=1X2=1X99=
gb|AF072684|+|117-993|ARO:3001075|SHV-16 [Klebsiella pneumoniae] 	876	0	876	+	<5151	3319	23	884	847	877	255	NM:i:30	AS:f:787.8	dv:f:0.0342075	id:f:0.965792	cg:Z:91=1X181=1X1D2=1X1I123=1X65=2I1X1I1=1X2I1X2I1X1I1=1X7I225=1X2=1X58=1X23=1X75=
gb|KF513177|+|0-861|ARO:3001356|SHV-172 [Klebsiella pneumoniae] 	861	0	861	+	<5151	3319	23	884	856	861	255	NM:i:5	AS:f:846.3	dv:f:0.0058072	id:f:0.994193	cg:Z:699=1X2=1X52=1X5=1X23=1X75=
gb|KF513178|+|0-861|ARO:3001357|SHV-173 [Klebsiella pneumoniae] 	861	0	861	+	<5151	3319	23	884	855	861	255	NM:i:6	AS:f:843.36	dv:f:0.00696864	id:f:0.993031	cg:Z:139=1X183=1X375=1X2=1X16=1X41=1X99=
gb|KF705209|+|0-861|ARO:3001361|SHV-178 [Klebsiella pneumoniae] 	861	0	861	+	<5151	3319	23	884	855	861	255	NM:i:6	AS:f:843.36	dv:f:0.00696864	id:f:0.993031	cg:Z:356=1X261=1X80=1X2=1X16=1X41=1X99=
gb|KF705208|+|0-861|ARO:3001362|SHV-179 [Klebsiella pneumoniae] 	861	0	861	+	<5151	3319	23	884	855	861	255	NM:i:6	AS:f:843.36	dv:f:0.00696864	id:f:0.993031	cg:Z:91=1X104=1X502=1X2=1X16=1X41=1X99=
gb|KP050487.1|+|0-861|ARO:3001350|SHV-180 [Klebsiella pneumoniae] 	861	0	861	+	<5151	3319	23	884	854	861	255	NM:i:7	AS:f:840.42	dv:f:0.00813008	id:f:0.99187	cg:Z:91=1X23=1X430=1X152=1X2=1X16=1X41=1X99=
gb|KP050489|+|0-861|ARO:3001364|SHV-182 [Klebsiella pneumoniae] 	861	0	861	+	<5151	3319	23	884	853	862	255	NM:i:9	AS:f:834.54	dv:f:0.0104408	id:f:0.989559	cg:Z:303=1X19=1X375=1X2=1X1I1=1X1D55=1X32=1X66=
gb|HG934764|+|0-864|ARO:3001351|SHV-183 [Enterobacter cloacae] 	864	0	864	+	<5151	3319	23	884	859	864	255	NM:i:5	AS:f:849.3	dv:f:0.00578704	id:f:0.994213	cg:Z:546=1I1X2I214=1X99=
gb|KM233164|+|0-861|ARO:3003152|SHV-185 [Klebsiella pneumoniae] 	861	0	861	+	<5151	3319	23	884	855	861	255	NM:i:6	AS:f:843.36	dv:f:0.00696864	id:f:0.993031	cg:Z:91=1X607=1X2=1X1=1X56=1X3=1X95=
gb|KM233165|+|0-861|ARO:3003153|SHV-186 [Klebsiella pneumoniae] 	861	0	861	+	<5151	3319	23	884	854	861	255	NM:i:7	AS:f:840.42	dv:f:0.00813008	id:f:0.99187	cg:Z:91=1X454=1X152=1X2=1X5=1X10=1X41=1X99=
gb|LN515533|+|0-867|ARO:3003154|SHV-187 [Klebsiella pneumoniae] 	867	0	867	+	<5151	3319	17	884	859	867	255	NM:i:8	AS:f:843.48	dv:f:0.00922722	id:f:0.990773	cg:Z:7=1X89=1X264=1X342=1X2=1X1=1X53=1X2=1X99=
gb|LN515534|+|0-873|ARO:3003155|SHV-188 [Klebsiella pneumoniae] 	873	0	873	+	<5151	3319	17	884	859	873	255	NM:i:14	AS:f:831.84	dv:f:0.0160367	id:f:0.983963	cg:Z:7=1X89=1X264=1X140=2I3=2I1=1I1=1I197=1X2=1X1=1X53=1X2=1X99=
gb|KP050494|+|0-861|ARO:3003156|SHV-189 [Klebsiella pneumoniae] 	861	0	861	+	<5151	3319	23	884	853	861	255	NM:i:8	AS:f:837.48	dv:f:0.00929152	id:f:0.990708	cg:Z:9=1X81=1X22=1X241=1X342=1X4=1X53=1X2=1X99=
gb|AF132290|+|87-948|ARO:3001076|SHV-18 [Klebsiella pneumoniae] 	861	0	861	+	<5151	3319	23	884	853	862	255	NM:i:9	AS:f:834.54	dv:f:0.0104408	id:f:0.989559	cg:Z:9=1X81=1X22=1X241=1X342=1D2=1I2=1X53=1X2=1X99=
gb|AF117743|+|0-780|ARO:3001077|SHV-19 [Klebsiella pneumoniae] 	780	0	780	+	<5151	3319	53	833	773	780	255	NM:i:7	AS:f:759.42	dv:f:0.00897436	id:f:0.991026	cg:Z:61=1X309=1X102=1X194=1X2=1X58=1X23=1X24=
gb|FJ668814|+|76-937|ARO:3001059|SHV-1 [Klebsiella pneumoniae] 	861	0	861	+	<5151	3319	23	884	856	861	255	NM:i:5	AS:f:846.3	dv:f:0.0058072	id:f:0.994193	cg:Z:91=1X607=1X2=1X16=1X41=1X99=
gb|AF117744|+|0-780|ARO:3001078|SHV-20 [Klebsiella pneumoniae] 	780	0	780	+	<5151	3319	53	833	774	780	255	NM:i:6	AS:f:762.36	dv:f:0.00769231	id:f:0.992308	cg:Z:61=1X309=1X102=1X197=1X58=1X23=1X24=
gb|AF117745|+|0-780|ARO:3001079|SHV-21 [Klebsiella pneumoniae] 	780	0	780	+	<5151	3319	53	833	773	780	255	NM:i:7	AS:f:759.42	dv:f:0.00897436	id:f:0.991026	cg:Z:61=1X259=1X49=1X102=1X197=1X58=1X23=1X24=
gb|AF117746|+|0-780|ARO:3001080|SHV-22 [Klebsiella pneumoniae] 	780	0	780	+	<5151	3319	53	833	775	780	255	NM:i:5	AS:f:765.3	dv:f:0.00641026	id:f:0.99359	cg:Z:61=1X309=1X59=1X299=1X23=1X24=
gb|AF117747|+|0-780|ARO:3001081|SHV-23 [Klebsiella pneumoniae] 	780	0	780	+	<5151	3319	53	833	774	780	255	NM:i:6	AS:f:762.36	dv:f:0.00769231	id:f:0.992308	cg:Z:61=1X259=1X49=1X148=1X210=1X23=1X24=
gb|AB023477|+|0-861|ARO:3001082|SHV-24 [Escherichia coli] 	861	0	861	+	<5151	3319	23	884	854	861	255	NM:i:7	AS:f:840.42	dv:f:0.00813008	id:f:0.99187	cg:Z:91=1X309=1X121=1X175=1X2=1X58=1X23=1X75=
gb|AF208796|+|0-861|ARO:3001083|SHV-25 [Klebsiella pneumoniae] 	861	0	861	+	<5151	3319	23	884	854	862	255	NM:i:8	AS:f:837.48	dv:f:0.00928074	id:f:0.990719	cg:Z:39=1X332=1X326=1X2=1X1I1=1X1D55=1X99=
gb|AF227204|+|73-934|ARO:3001084|SHV-26 [Klebsiella pneumoniae] 	861	0	861	+	<5151	3319	23	884	855	861	255	NM:i:6	AS:f:843.36	dv:f:0.00696864	id:f:0.993031	cg:Z:91=1X454=1X152=1X2=1X16=1X41=1X99=
gb|AF293345|+|0-861|ARO:3001085|SHV-27 [Klebsiella pneumoniae] 	861	0	861	+	<5151	3319	23	884	854	861	255	NM:i:7	AS:f:840.42	dv:f:0.00813008	id:f:0.99187	cg:Z:91=1X231=1X32=1X97=1X244=1X2=1X58=1X99=
gb|AF299299|+|0-861|ARO:3001086|SHV-28 [Klebsiella pneumoniae] 	861	0	861	+	<5151	3319	23	884	854	861	255	NM:i:7	AS:f:840.42	dv:f:0.00813008	id:f:0.99187	cg:Z:7=1X83=1X231=1X308=1X66=1X2=1X1=1X156=
gb|AF301532|+|7-868|ARO:3001087|SHV-29 [Klebsiella pneumoniae] 	861	0	861	+	<5151	3319	23	884	853	862	255	NM:i:9	AS:f:834.54	dv:f:0.0104408	id:f:0.989559	cg:Z:114=1X241=1X45=1X296=1D2=1X1I1=1X53=1X2=1X99=
gb|X98102|+|73-934|ARO:3001061|SHV-2A [Klebsiella pneumoniae] 	861	0	861	+	<5151	3319	23	884	857	861	255	NM:i:4	AS:f:849.24	dv:f:0.00464576	id:f:0.995354	cg:Z:401=1X251=1X48=1X58=1X99=
gb|AF148851|+|5-866|ARO:3001060|SHV-2 [Escherichia coli] 	861	0	861	+	<5151	3319	23	884	856	861	255	NM:i:5	AS:f:846.3	dv:f:0.0058072	id:f:0.994193	cg:Z:91=1X309=1X300=1X58=1X23=1X75=
gb|AY661885|+|48-909|ARO:3001088|SHV-30 [Enterobacter cloacae] 	861	0	861	+	<5151	3319	23	884	854	862	255	NM:i:8	AS:f:837.48	dv:f:0.00928074	id:f:0.990719	cg:Z:9=1X81=1X22=1X241=1X345=1I2=1D53=1X2=1X99=
gb|AY277255|+|66-927|ARO:3001089|SHV-31 [Klebsiella pneumoniae] 	861	0	861	+	<5151	3319	23	884	857	861	255	NM:i:4	AS:f:849.24	dv:f:0.00464576	id:f:0.995354	cg:Z:699=1X4=1X14=1X41=1X99=
gb|AY037778|+|91-952|ARO:3001090|SHV-32 [Klebsiella pneumoniae] 	861	0	861	+	<5151	3319	23	884	853	861	255	NM:i:8	AS:f:837.48	dv:f:0.00929152	id:f:0.990708	cg:Z:91=1X231=1X32=1X7=1X89=1X244=1X2=1X58=1X99=
gb|JX268631|+|0-861|ARO:3001091|SHV-33 [Klebsiella pneumoniae] 	861	0	861	+	<5151	3319	23	884	853	861	255	NM:i:8	AS:f:837.48	dv:f:0.00929152	id:f:0.990708	cg:Z:91=1X264=1X306=1X35=1X2=1X1=1X56=1X23=1X75=
gb|AY036620|+|88-949|ARO:3001092|SHV-34 [Escherichia coli] 	861	0	861	+	<5151	3319	23	884	852	861	255	NM:i:9	AS:f:834.54	dv:f:0.010453	id:f:0.989547	cg:Z:9=1X81=1X22=1X63=1X177=1X345=1X1=1X53=1X2=1X99=
gb|AY070258|+|0-861|ARO:3001093|SHV-35 [Klebsiella pneumoniae] 	861	0	861	+	<5151	3319	23	884	853	862	255	NM:i:9	AS:f:834.54	dv:f:0.0104408	id:f:0.989559	cg:Z:252=1X103=1X342=1X2=1X1I1=1X1D6=1X48=1X99=
gb|AF467947|+|0-861|ARO:3001094|SHV-36 [Klebsiella pneumoniae] 	861	0	861	+	<5151	3319	23	884	855	861	255	NM:i:6	AS:f:843.36	dv:f:0.00696864	id:f:0.993031	cg:Z:9=1X346=1X342=1X2=1X16=1X41=1X99=
gb|AF467948|+|0-861|ARO:3001095|SHV-37 [Klebsiella pneumoniae] 	861	0	861	+	<5151	3319	23	884	852	861	255	NM:i:9	AS:f:834.54	dv:f:0.010453	id:f:0.989547	cg:Z:39=1X332=1X82=1X5=1X237=1X2=1X1=1X56=1X53=1X45=
gb|AY079099|+|148-1009|ARO:3001096|SHV-38 [Klebsiella pneumoniae] 	861	0	861	+	<5151	3319	23	884	853	861	255	NM:i:8	AS:f:837.48	dv:f:0.00929152	id:f:0.990708	cg:Z:91=1X264=1X67=1X274=1X2=1X1=1X53=1X2=1X99=
gb|KX092356.1|+|192-1053|ARO:3001062|SHV-3 [Klebsiella pneumoniae] 	861	0	861	+	<5151	3319	23	884	854	862	255	NM:i:8	AS:f:837.48	dv:f:0.00928074	id:f:0.990719	cg:Z:91=1X309=1X199=1X100=1X1I1=1X1D52=1X102=
gb|AF535128|+|0-861|ARO:3001098|SHV-40 [Klebsiella pneumoniae] 	861	0	861	+	<5151	3319	23	884	855	862	255	NM:i:7	AS:f:840.42	dv:f:0.00812065	id:f:0.991879	cg:Z:356=1X342=1X2=1X1I1=1X1D6=1X148=
gb|AF535129|+|0-861|ARO:3001099|SHV-41 [Klebsiella pneumoniae] 	861	0	861	+	<5151	3319	23	884	853	861	255	NM:i:8	AS:f:837.48	dv:f:0.00929152	id:f:0.990708	cg:Z:91=1X243=1X75=1X287=1X2=1X16=1X41=1X83=1X15=
gb|AF535130|+|0-861|ARO:3001100|SHV-42 [Klebsiella pneumoniae] 	861	0	861	+	<5151	3319	23	884	853	861	255	NM:i:8	AS:f:837.48	dv:f:0.00929152	id:f:0.990708	cg:Z:60=1X30=1X63=1X216=1X326=1X2=1X1=1X56=1X99=
gb|AY065991|+|6-867|ARO:3001101|SHV-43 [Klebsiella pneumoniae] 	861	0	861	+	<5151	3319	23	884	850	862	255	NM:i:12	AS:f:825.72	dv:f:0.0139211	id:f:0.986079	cg:Z:91=1X231=2X107=1X100=1X98=1X66=1X2=1X1I1=1X1D79=1X75=
gb|AY259119|+|116-977|ARO:3001102|SHV-44 [Klebsiella pneumoniae] 	861	0	861	+	<5151	3319	23	884	854	862	255	NM:i:8	AS:f:837.48	dv:f:0.00928074	id:f:0.990719	cg:Z:91=1X309=1X199=1X97=1X2=1X1I1=1X1D155=
gb|AF547625|+|0-861|ARO:3001103|SHV-45 [Klebsiella pneumoniae] 	861	0	861	+	<5151	3319	23	884	855	861	255	NM:i:6	AS:f:843.36	dv:f:0.00696864	id:f:0.993031	cg:Z:91=1X231=1X32=1X97=1X306=1X23=1X75=
gb|AY210887|+|111-972|ARO:3001104|SHV-46 [Klebsiella oxytoca] 	861	0	861	+	<5151	3319	23	884	855	861	255	NM:i:6	AS:f:843.36	dv:f:0.00696864	id:f:0.993031	cg:Z:91=1X479=1X6=1X182=1X23=1X26=1X48=
gb|AY263404|+|0-861|ARO:3001105|SHV-48 [Klebsiella pneumoniae] 	861	0	861	+	<5151	3319	23	884	853	861	255	NM:i:8	AS:f:837.48	dv:f:0.00929152	id:f:0.990708	cg:Z:91=1X250=1X58=1X297=1X2=1X58=1X23=1X2=1X72=
gb|AY528718|+|413-1274|ARO:3001106|SHV-49 [Klebsiella pneumoniae] 	861	0	861	+	<5151	3319	23	884	854	861	255	NM:i:7	AS:f:840.42	dv:f:0.00813008	id:f:0.99187	cg:Z:91=1X102=1X206=1X297=1X2=1X58=1X23=1X75=
gb|LT985229.1|+|36107-36968|ARO:3001063|SHV-4 [Escherichia coli] 	861	0	861	+	<5151	3319	23	884	857	861	255	NM:i:4	AS:f:849.24	dv:f:0.00464576	id:f:0.995354	cg:Z:91=1X309=1X199=1X102=1X156=
gb|AY288915|+|0-861|ARO:3001107|SHV-50 [Klebsiella pneumoniae] 	861	0	861	+	<5151	3319	23	884	854	861	255	NM:i:7	AS:f:840.42	dv:f:0.00813008	id:f:0.99187	cg:Z:91=1X454=1X58=1X93=1X2=1X16=1X41=1X99=
gb|AY289548|+|0-861|ARO:3001108|SHV-51 [Klebsiella pneumoniae] 	861	0	861	+	<5151	3319	23	884	850	862	255	NM:i:12	AS:f:825.72	dv:f:0.0139211	id:f:0.986079	cg:Z:91=1X231=1X32=1X64=1X89=1X187=1X2=1X1I1=1X1D55=1X23=1X75=
gb|HQ845196|+|0-861|ARO:3001109|SHV-52 [Klebsiella pneumoniae] 	861	0	861	+	<5151	3319	23	884	850	861	255	NM:i:11	AS:f:828.66	dv:f:0.0127758	id:f:0.987224	cg:Z:39=1X154=1X161=1X39=1X12=1X289=1X2=1X1=1X56=1X2=1X20=1X75=
gb|AY590467|+|0-729|ARO:3001110|SHV-53 [Klebsiella pneumoniae] Partial	729	0	729	+	<5151	3319	43	772	725	729	255	NM:i:4	AS:f:717.24	dv:f:0.00548697	id:f:0.994513	cg:Z:551=1X127=1X2=1X16=1X29=
gb|AJ863560|+|0-861|ARO:3001111|SHV-55 [Klebsiella pneumoniae] 	861	0	861	+	<5151	3319	23	884	855	861	255	NM:i:6	AS:f:843.36	dv:f:0.00696864	id:f:0.993031	cg:Z:7=1X83=1X231=1X308=1X71=1X80=1X75=
gb|EU586041|+|0-861|ARO:3001112|SHV-56 [Klebsiella pneumoniae] 	861	0	861	+	<5151	3319	23	884	855	862	255	NM:i:7	AS:f:840.42	dv:f:0.00812065	id:f:0.991879	cg:Z:356=1X331=1X10=1X2=1X1I1=1X1D155=
gb|AY223863|+|170-1031|ARO:3001113|SHV-57 [Escherichia coli] 	861	0	861	+	<5151	3319	23	884	854	861	255	NM:i:7	AS:f:840.42	dv:f:0.00813008	id:f:0.99187	cg:Z:91=1X309=1X91=1X205=1X2=1X58=1X23=1X75=
gb|AY790341|+|0-861|ARO:3001114|SHV-59 [Klebsiella pneumoniae] 	861	0	861	+	<5151	3319	23	884	854	861	255	NM:i:7	AS:f:840.42	dv:f:0.00813008	id:f:0.99187	cg:Z:91=1X63=1X232=1X310=1X2=1X1=1X82=1X73=
gb|X55640|+|111-972|ARO:3001064|SHV-5 [Klebsiella pneumoniae] 	861	0	861	+	<5151	3319	23	884	857	861	255	NM:i:4	AS:f:849.24	dv:f:0.00464576	id:f:0.995354	cg:Z:91=1X309=1X359=1X23=1X75=
gb|AB302939|+|8-869|ARO:3001115|SHV-60 [Klebsiella pneumoniae] 	861	0	861	+	<5151	3319	23	884	856	861	255	NM:i:5	AS:f:846.3	dv:f:0.0058072	id:f:0.994193	cg:Z:546=1X152=1X2=1X16=1X41=1X99=
gb|AJ866284|+|0-861|ARO:3001116|SHV-61 [Klebsiella pneumoniae] 	861	0	861	+	<5151	3319	23	884	856	861	255	NM:i:5	AS:f:846.3	dv:f:0.0058072	id:f:0.994193	cg:Z:16=1X682=1X2=1X16=1X41=1X99=
gb|AJ866285|+|0-861|ARO:3001117|SHV-62 [Klebsiella pneumoniae] 	861	0	861	+	<5151	3319	23	884	852	862	255	NM:i:10	AS:f:831.6	dv:f:0.0116009	id:f:0.988399	cg:Z:321=1X34=1X179=1X162=1X2=1X1I1=1X1D55=1X23=1X75=
gb|EU342351|+|172-1033|ARO:3001118|SHV-63 [Klebsiella pneumoniae] 	861	0	861	+	<5151	3319	23	884	853	861	255	NM:i:8	AS:f:837.48	dv:f:0.00929152	id:f:0.990708	cg:Z:91=1X264=1X101=1X115=1X124=1X2=1X16=1X41=1X99=
gb|DQ174304|+|4-865|ARO:3001119|SHV-64 [Klebsiella pneumoniae] 	861	0	861	+	<5151	3319	23	884	858	861	255	NM:i:3	AS:f:852.18	dv:f:0.00348432	id:f:0.996516	cg:Z:210=1X430=1X119=1X99=
gb|DQ174305|+|4-865|ARO:3001120|SHV-65 [Klebsiella pneumoniae] 	861	0	861	+	<5151	3319	23	884	854	861	255	NM:i:7	AS:f:840.42	dv:f:0.00813008	id:f:0.99187	cg:Z:91=1X63=1X201=1X341=1X2=1X16=1X41=1X99=
gb|DQ174306|+|4-865|ARO:3001121|SHV-66 [Klebsiella pneumoniae] 	861	0	861	+	<5151	3319	23	884	859	861	255	NM:i:2	AS:f:855.12	dv:f:0.00232288	id:f:0.997677	cg:Z:177=1X583=1X99=
gb|DQ174307|+|4-865|ARO:3001122|SHV-67 [Klebsiella pneumoniae] 	861	0	861	+	<5151	3319	23	884	855	861	255	NM:i:6	AS:f:843.36	dv:f:0.00696864	id:f:0.993031	cg:Z:168=1X154=1X375=1X2=1X58=1X23=1X75=
gb|DQ174308|+|4-865|ARO:3001123|SHV-69 [Klebsiella pneumoniae] 	861	0	861	+	<5151	3319	23	884	854	862	255	NM:i:8	AS:f:837.48	dv:f:0.00928074	id:f:0.990719	cg:Z:327=1X371=1X2=1X1I1=1X1D52=1X2=1X99=
gb|Y11069|+|0-780|ARO:3001065|SHV-6 [Klebsiella pneumoniae] 	780	0	780	+	<5151	3319	53	833	773	780	255	NM:i:7	AS:f:759.42	dv:f:0.00897436	id:f:0.991026	cg:Z:61=1X309=1X121=1X175=1X2=1X58=1X23=1X24=
gb|DQ013287|+|0-861|ARO:3001124|SHV-70 [Enterobacter cloacae] 	861	0	861	+	<5151	3319	23	884	857	861	255	NM:i:4	AS:f:849.24	dv:f:0.00464576	id:f:0.995354	cg:Z:429=1X269=1X2=1X58=1X99=
gb|AM176546|+|0-861|ARO:3001125|SHV-71 [Klebsiella pneumoniae] 	861	0	861	+	<5151	3319	23	884	852	861	255	NM:i:9	AS:f:834.54	dv:f:0.010453	id:f:0.989547	cg:Z:91=1X229=1X34=1X67=1X274=1X2=1X1=1X53=1X2=1X99=
gb|AM176547|+|30-891|ARO:3001126|SHV-72 [Klebsiella pneumoniae] 	861	0	861	+	<5151	3319	23	884	851	861	255	NM:i:10	AS:f:831.6	dv:f:0.0116144	id:f:0.988386	cg:Z:9=1X81=1X264=1X67=1X263=1X10=1X2=1X1=1X53=1X2=1X99=
gb|AM176548|+|16-874|ARO:3001127|SHV-73 [Klebsiella pneumoniae] 	858	5	858	+	<5151	3319	31	884	842	854	255	NM:i:12	AS:f:817.72	dv:f:0.0140515	id:f:0.985948	cg:Z:82=2X264=1X67=1X263=1X10=1X2=1X1I1=1X1D52=1X2=1X99=
gb|AM176549|+|30-891|ARO:3001128|SHV-74 [Klebsiella pneumoniae] 	861	0	861	+	<5151	3319	23	884	855	861	255	NM:i:6	AS:f:843.36	dv:f:0.00696864	id:f:0.993031	cg:Z:51=1X271=1X375=1X2=1X16=1X41=1X99=
gb|AM176550|+|30-891|ARO:3001129|SHV-75 [Klebsiella pneumoniae] 	861	0	861	+	<5151	3319	23	884	853	861	255	NM:i:8	AS:f:837.48	dv:f:0.00929152	id:f:0.990708	cg:Z:91=1X231=1X375=1X2=1X1=1X36=1X19=1X23=1X75=
gb|AM176551|+|30-891|ARO:3001130|SHV-76 [Klebsiella pneumoniae] 	861	0	861	+	<5151	3319	23	884	854	861	255	NM:i:7	AS:f:840.42	dv:f:0.00813008	id:f:0.99187	cg:Z:39=1X307=1X278=1X72=1X2=1X1=1X80=1X75=
gb|AM176552|+|30-891|ARO:3001131|SHV-77 [Klebsiella pneumoniae] 	861	0	861	+	<5151	3319	23	884	854	861	255	NM:i:7	AS:f:840.42	dv:f:0.00813008	id:f:0.99187	cg:Z:211=1X111=1X32=1X342=1X2=1X58=1X23=1X75=
gb|AM176553|+|30-891|ARO:3001132|SHV-78 [Klebsiella pneumoniae] 	861	0	861	+	<5151	3319	23	884	855	861	255	NM:i:6	AS:f:843.36	dv:f:0.00696864	id:f:0.993031	cg:Z:91=1X55=1X551=1X2=1X16=1X41=1X99=
gb|AM176554|+|30-891|ARO:3001133|SHV-79 [Klebsiella pneumoniae] 	861	0	861	+	<5151	3319	23	884	856	861	255	NM:i:5	AS:f:846.3	dv:f:0.0058072	id:f:0.994193	cg:Z:356=1X145=1X196=1X2=1X1=1X156=
gb|U20270|+|124-985|ARO:3001066|SHV-7 [Escherichia coli] 	861	0	861	+	<5151	3319	23	884	854	861	255	NM:i:7	AS:f:840.42	dv:f:0.00813008	id:f:0.99187	cg:Z:9=1X81=1X22=1X241=1X347=1X56=1X23=1X75=
gb|AM176555|+|0-861|ARO:3001134|SHV-80 [Klebsiella pneumoniae] 	861	0	861	+	<5151	3319	23	884	855	861	255	NM:i:6	AS:f:843.36	dv:f:0.00696864	id:f:0.993031	cg:Z:356=1X66=1X275=1X2=1X16=1X41=1X99=
gb|AM176556|+|25-886|ARO:3001135|SHV-81 [Klebsiella pneumoniae] 	861	0	861	+	<5151	3319	23	884	854	861	255	NM:i:7	AS:f:840.42	dv:f:0.00813008	id:f:0.99187	cg:Z:323=1X32=1X60=1X281=1X2=1X58=1X23=1X75=
gb|AM176557|+|0-861|ARO:3001136|SHV-82 [Klebsiella pneumoniae] 	861	0	861	+	<5151	3319	23	884	854	861	255	NM:i:7	AS:f:840.42	dv:f:0.00813008	id:f:0.99187	cg:Z:9=1X50=1X295=1X342=1X2=1X58=1X23=1X75=
gb|AM176558|+|0-861|ARO:3001137|SHV-83 [Klebsiella pneumoniae] 	861	2	861	+	<5151	3319	25	884	852	859	255	NM:i:7	AS:f:838.42	dv:f:0.00814901	id:f:0.991851	cg:Z:89=1X264=1X342=1X2=1X1=1X53=1X2=1X99=
gb|AM087453|+|25-856|ARO:3001138|SHV-84 [Escherichia coli] 	831	0	831	+	<5151	3319	23	854	823	831	255	NM:i:8	AS:f:807.48	dv:f:0.00962696	id:f:0.990373	cg:Z:91=1X309=1X286=1X10=1X2=1X58=1X23=1X2=1X42=
gb|DQ322460|+|15-876|ARO:3001139|SHV-85 [Klebsiella pneumoniae] 	861	0	861	+	<5151	3319	23	884	855	862	255	NM:i:7	AS:f:840.42	dv:f:0.00812065	id:f:0.991879	cg:Z:42=1X313=1X342=1X2=1X1I1=1X1D155=
gb|DQ328802|+|0-861|ARO:3001140|SHV-86 [Klebsiella pneumoniae] 	861	0	861	+	<5151	3319	23	884	858	861	255	NM:i:3	AS:f:852.18	dv:f:0.00348432	id:f:0.996516	cg:Z:7=1X695=1X57=1X99=
gb|DQ193536|+|0-861|ARO:3001141|SHV-89 [Klebsiella pneumoniae] 	861	0	861	+	<5151	3319	23	884	855	862	255	NM:i:7	AS:f:840.42	dv:f:0.00812065	id:f:0.991879	cg:Z:356=1X15=1X326=1X2=1X1I1=1X1D155=
gb|U92041|+|0-861|ARO:3001067|SHV-8 [Escherichia coli] 	861	0	861	+	<5151	3319	23	884	854	861	255	NM:i:7	AS:f:840.42	dv:f:0.00813008	id:f:0.99187	cg:Z:91=1X309=1X120=1X176=1X2=1X58=1X23=1X75=
gb|DQ836922|+|0-861|ARO:3001144|SHV-92 [Klebsiella pneumoniae] 	861	0	861	+	<5151	3319	23	884	851	861	255	NM:i:10	AS:f:831.6	dv:f:0.0116144	id:f:0.988386	cg:Z:194=1X161=1X39=1X12=1X289=1X2=1X1=1X56=1X2=1X20=1X75=
gb|EF373969|+|0-861|ARO:3001145|SHV-93 [Klebsiella pneumoniae] 	861	0	861	+	<5151	3319	23	884	853	861	255	NM:i:8	AS:f:837.48	dv:f:0.00929152	id:f:0.990708	cg:Z:222=1X100=1X32=1X97=1X60=1X183=1X2=1X58=1X99=
gb|EF373970|+|0-861|ARO:3001146|SHV-94 [Klebsiella pneumoniae] 	861	0	861	+	<5151	3319	23	884	854	861	255	NM:i:7	AS:f:840.42	dv:f:0.00813008	id:f:0.99187	cg:Z:288=1X67=1X158=1X183=1X2=1X1=1X56=1X99=
gb|EF373972|+|0-861|ARO:3001147|SHV-95 [Citrobacter freundii] 	861	0	861	+	<5151	3319	23	884	852	862	255	NM:i:10	AS:f:831.6	dv:f:0.0116009	id:f:0.988399	cg:Z:91=1X423=1X79=1X36=1X66=1X2=1X1I1=1X1D55=1X99=
gb|EF373971|+|0-861|ARO:3001148|SHV-96 [Acinetobacter baumannii] 	861	0	861	+	<5151	3319	23	884	853	862	255	NM:i:9	AS:f:834.54	dv:f:0.0104408	id:f:0.989559	cg:Z:356=1X158=1X112=1X70=1X2=1X1I1=1X1D55=1X99=
gb|EF373973|+|0-861|ARO:3001149|SHV-97 [Enterococcus faecalis] 	861	0	861	+	<5151	3319	23	884	855	861	255	NM:i:6	AS:f:843.36	dv:f:0.00696864	id:f:0.993031	cg:Z:91=1X423=1X183=1X4=1X56=1X21=1X77=
gb|AM941844|+|0-861|ARO:3001336|SHV-98 [Klebsiella pneumoniae] 	861	0	861	+	<5151	3319	23	884	855	861	255	NM:i:6	AS:f:843.36	dv:f:0.00696864	id:f:0.993031	cg:Z:91=1X607=1X2=1X16=1X41=1X31=1X67=
gb|AM941845|+|0-861|ARO:3001337|SHV-99 [Klebsiella pneumoniae] 	861	0	861	+	<5151	3319	23	884	853	862	255	NM:i:9	AS:f:834.54	dv:f:0.0104408	id:f:0.989559	cg:Z:91=1X206=1X24=1X32=1X342=1X2=1X1I1=1X1D155=
gb|S82452|+|120-978|ARO:3001068|SHV-9 [Klebsiella pneumoniae] 	858	0	858	+	<5151	3319	23	884	851	864	255	NM:i:13	AS:f:819.78	dv:f:0.0150463	id:f:0.984954	cg:Z:91=1X53=3D253=1X2=2D2=2I155=1D1=1I196=1X23=1X75=
gb|AHLO01000073.1|+|63138-63558|ARO:3004661|Staphylococcus_aureus_FosB [Staphylococcus aureus subsp. aureus IS-88] 	420	0	420	+	>2925	46641	141	561	419	420	255	NM:i:1	AS:f:417.06	dv:f:0.00238095	id:f:0.997619	cg:Z:320=1X99=
gb|JF969163|+|1053-1893|ARO:3000410|sul1 [Vibrio fluvialis] 	840	0	840	+	>28541	6345	390	1230	840	840	255	NM:i:0	AS:f:840	dv:f:0	id:f:1	cg:Z:840=
gb|AY055428.1|-|20268-21084|ARO:3000412|sul2 [Vibrio cholerae] 	816	0	816	+	<15353	1150	302	1118	816	816	255	NM:i:0	AS:f:816	dv:f:0	id:f:1	cg:Z:816=
gb|AF495873|+|0-861|ARO:3000964|TEM-101 [Escherichia coli] 	861	0	861	+	>5967	1044	36	897	853	862	255	NM:i:9	AS:f:834.54	dv:f:0.0104408	id:f:0.989559	cg:Z:108=1X28=1X257=1X77=1X231=1X2=1X7=1X109=1D1=1I33=
gb|AY040093|+|68-929|ARO:3000965|TEM-102 [Plasmid pWW100] 	861	0	861	+	>5967	1044	36	897	850	861	255	NM:i:11	AS:f:828.66	dv:f:0.0127758	id:f:0.987224	cg:Z:17=1X49=2X1=1X198=1X274=1X12=1X2=1X152=1X24=1X1=1X120=
gb|AF516719|+|214-1075|ARO:3000967|TEM-104 [Klebsiella pneumoniae] 	861	0	861	+	>5967	1044	36	897	859	862	255	NM:i:3	AS:f:852.18	dv:f:0.00348028	id:f:0.99652	cg:Z:17=1X808=1D1=1I33=
gb|AF516720|+|214-1075|ARO:3000968|TEM-105 [Escherichia coli] 	861	0	861	+	>5967	1044	36	897	859	861	255	NM:i:2	AS:f:855.12	dv:f:0.00232288	id:f:0.997677	cg:Z:17=1X346=1X496=
gb|AY101578|+|214-1075|ARO:3000969|TEM-106 [Escherichia coli] 	861	0	861	+	>5967	1044	36	897	858	861	255	NM:i:3	AS:f:852.18	dv:f:0.00348432	id:f:0.996516	cg:Z:17=1X285=1X234=1X322=
gb|AY101764|+|206-1067|ARO:3000970|TEM-107 [Klebsiella pneumoniae] 	861	0	861	+	>5967	1044	36	897	856	861	255	NM:i:5	AS:f:846.3	dv:f:0.0058072	id:f:0.994193	cg:Z:17=1X285=1X180=1X53=1X166=1X155=
gb|AF506748|+|38-899|ARO:3000971|TEM-108 [Salmonella enterica subsp. enterica serovar Typhimurium] 	861	8	861	+	>5967	1044	44	897	849	853	255	NM:i:4	AS:f:841.24	dv:f:0.00468933	id:f:0.995311	cg:Z:224=1X346=1X118=1X115=1X46=
gb|AY628175|+|210-1071|ARO:3000972|TEM-109 [Escherichia coli] 	861	0	861	+	>5967	1044	36	897	856	861	255	NM:i:5	AS:f:846.3	dv:f:0.0058072	id:f:0.994193	cg:Z:17=1X180=1X104=1X91=1X88=1X376=
gb|AF093512|+|197-1058|ARO:3000882|TEM-10 [Morganella morganii] 	861	0	861	+	>5967	1044	36	897	858	861	255	NM:i:3	AS:f:852.18	dv:f:0.00348432	id:f:0.996516	cg:Z:17=1X465=1X224=1X152=
gb|AY072920|+|0-861|ARO:3000973|TEM-110 [Klebsiella pneumoniae] 	861	0	861	+	>5967	1044	36	897	855	861	255	NM:i:6	AS:f:843.36	dv:f:0.00696864	id:f:0.993031	cg:Z:54=1X82=1X257=1X77=1X242=1X64=1X79=
gb|AF468003|+|0-861|ARO:3000974|TEM-111 [Escherichia coli] 	861	0	861	+	>5967	1044	36	897	854	861	255	NM:i:7	AS:f:840.42	dv:f:0.00813008	id:f:0.99187	cg:Z:137=1X165=1X91=1X77=1X232=1X9=1X64=1X79=
gb|AY589493|+|166-1027|ARO:3000975|TEM-112 [Escherichia coli] 	861	0	861	+	>5967	1044	36	897	857	861	255	NM:i:4	AS:f:849.24	dv:f:0.00464576	id:f:0.995354	cg:Z:227=1X167=1X55=1X253=1X155=
gb|AY589494|+|193-1054|ARO:3000976|TEM-113 [Proteus mirabilis] 	861	0	861	+	>5967	1044	36	897	852	861	255	NM:i:9	AS:f:834.54	dv:f:0.010453	id:f:0.989547	cg:Z:108=1X28=1X165=1X91=1X77=1X64=1X166=1X10=1X83=1X60=
gb|AY589495|+|181-1042|ARO:3000977|TEM-114 [Klebsiella aerogenes] 	861	0	861	+	>5967	1044	36	897	853	861	255	NM:i:8	AS:f:837.48	dv:f:0.00929152	id:f:0.990708	cg:Z:108=1X28=1X257=1X77=1X9=1X218=1X5=1X7=1X144=
gb|AF535127|+|208-1069|ARO:3000978|TEM-115 [Klebsiella pneumoniae] 	861	0	861	+	>5967	1044	36	897	856	861	255	NM:i:5	AS:f:846.3	dv:f:0.0058072	id:f:0.994193	cg:Z:54=1X82=1X257=1X77=1X10=1X376=
gb|U36911.1|+|1429-2290|ARO:3000979|TEM-116 [Staphylococcus aureus] 	861	0	861	+	>5967	1044	36	897	857	861	255	NM:i:4	AS:f:849.24	dv:f:0.00464576	id:f:0.995354	cg:Z:227=1X15=1X151=1X148=1X316=
gb|AY130282|+|0-764|ARO:3000980|TEM-117 [Escherichia coli] Partial	764	0	764	+	>5967	1044	72	836	761	764	255	NM:i:3	AS:f:755.18	dv:f:0.0039267	id:f:0.996073	cg:Z:18=1X82=1X257=1X404=
gb|AY130285|+|0-785|ARO:3000981|TEM-118 [Klebsiella oxytoca] Partial	785	0	785	+	>5967	1044	72	857	779	785	255	NM:i:6	AS:f:767.36	dv:f:0.00764331	id:f:0.992357	cg:Z:101=1X257=1X77=1X10=1X231=1X64=1X39=
gb|AY874537|+|177-1038|ARO:3000883|TEM-11 [Proteus mirabilis] 	861	0	861	+	>5967	1044	36	897	855	861	255	NM:i:6	AS:f:843.36	dv:f:0.00696864	id:f:0.993031	cg:Z:108=1X28=1X257=1X77=1X10=1X231=1X144=
gb|AY243512|+|208-1069|ARO:3000982|TEM-120 [Klebsiella oxytoca] 	861	0	861	+	>5967	1044	36	897	856	861	255	NM:i:5	AS:f:846.3	dv:f:0.0058072	id:f:0.994193	cg:Z:54=1X82=1X257=1X77=1X231=1X155=
gb|AY271267|+|0-861|ARO:3000983|TEM-121 [Escherichia coli] 	861	0	861	+	>5967	1044	36	897	852	861	255	NM:i:9	AS:f:834.54	dv:f:0.010453	id:f:0.989547	cg:Z:108=1X28=1X165=1X91=1X77=1X9=1X218=1X5=1X11=1X140=
gb|AY307100|+|0-861|ARO:3000984|TEM-122 [Escherichia coli] 	861	0	861	+	>5967	1044	36	897	860	861	255	NM:i:1	AS:f:858.06	dv:f:0.00116144	id:f:0.998839	cg:Z:811=1X49=
gb|AY327539|+|0-858|ARO:3000985|TEM-123 [Proteus mirabilis] 	858	0	858	+	>5967	1044	36	897	851	862	255	NM:i:11	AS:f:825.66	dv:f:0.012761	id:f:0.987239	cg:Z:9=1X127=1X165=1X91=1X309=1X10=1X15=3D75=1D1=1I49=
gb|AY327540|+|0-858|ARO:3000986|TEM-124 [Morganella morganii] 	858	0	858	+	>5967	1044	36	897	853	862	255	NM:i:9	AS:f:831.54	dv:f:0.0104408	id:f:0.989559	cg:Z:9=1X7=1X285=1X234=1X193=3D75=1D1=1I49=
gb|AY628176|+|75-936|ARO:3000987|TEM-125 [Escherichia coli] 	861	0	861	+	>5967	1044	36	897	850	861	255	NM:i:11	AS:f:828.66	dv:f:0.0127758	id:f:0.987224	cg:Z:39=1X97=1X60=1X1=1X59=1X134=1X77=1X9=1X2=1X229=1X96=1X47=
gb|AY628199|+|203-1064|ARO:3000988|TEM-126 [Escherichia coli] 	861	0	861	+	>5967	1044	36	897	858	861	255	NM:i:3	AS:f:852.18	dv:f:0.00348432	id:f:0.996516	cg:Z:17=1X512=1X7=1X322=
gb|AY368236|+|0-861|ARO:3000989|TEM-127 [Escherichia coli] 	861	0	861	+	>5967	1044	36	897	859	861	255	NM:i:2	AS:f:855.12	dv:f:0.00232288	id:f:0.997677	cg:Z:17=1X447=1X395=
gb|AY368237|+|0-861|ARO:3000990|TEM-128 [Escherichia coli] 	861	0	861	+	>5967	1044	36	897	859	861	255	NM:i:2	AS:f:855.12	dv:f:0.00232288	id:f:0.997677	cg:Z:17=1X446=1X396=
gb|AJ746225|+|0-861|ARO:3000993|TEM-129 [Klebsiella oxytoca] 	861	0	861	+	>5967	1044	36	897	853	861	255	NM:i:8	AS:f:837.48	dv:f:0.00929152	id:f:0.990708	cg:Z:17=1X90=1X28=1X165=1X91=1X77=1X9=1X232=1X144=
gb|M88143|+|367-1228|ARO:3000884|TEM-12 [Klebsiella oxytoca] 	861	0	861	+	>5967	1044	36	897	856	861	255	NM:i:5	AS:f:846.3	dv:f:0.0058072	id:f:0.994193	cg:Z:137=1X257=1X77=1X9=1X232=1X144=
gb|AJ866988|+|0-861|ARO:3000994|TEM-130 [Klebsiella pneumoniae] 	861	0	861	+	>5967	1044	36	897	851	861	255	NM:i:10	AS:f:831.6	dv:f:0.0116144	id:f:0.988386	cg:Z:17=1X78=2X10=1X28=1X165=1X91=1X77=1X9=1X218=1X158=
gb|AY436361|+|131-992|ARO:3000995|TEM-131 [Salmonella enterica subsp. enterica serovar Typhimurium] 	861	0	861	+	>5967	1044	36	897	853	861	255	NM:i:8	AS:f:837.48	dv:f:0.00929152	id:f:0.990708	cg:Z:54=1X82=1X165=1X91=1X77=1X9=1X54=1X163=1X158=
gb|AY491682|+|0-861|ARO:3000996|TEM-132 [Klebsiella pneumoniae] 	861	0	861	+	>5967	1044	36	897	857	861	255	NM:i:4	AS:f:849.24	dv:f:0.00464576	id:f:0.995354	cg:Z:17=1X466=1X25=1X197=1X152=
gb|AY528425|+|0-861|ARO:3000997|TEM-133 [Klebsiella pneumoniae] 	861	0	861	+	>5967	1044	36	897	855	861	255	NM:i:6	AS:f:843.36	dv:f:0.00696864	id:f:0.993031	cg:Z:54=1X82=1X165=1X91=1X77=1X9=1X377=
gb|AY574271|+|0-861|ARO:3000998|TEM-134 [Citrobacter koseri] 	861	0	861	+	>5967	1044	36	897	853	861	255	NM:i:8	AS:f:837.48	dv:f:0.00929152	id:f:0.990708	cg:Z:108=1X28=1X165=1X91=1X77=1X10=1X220=1X10=1X144=
gb|AJ634602.1|-|7839-8700|ARO:3000999|TEM-135 [Salmonella enterica subsp. enterica serovar Typhimurium] 	861	0	861	+	>5967	1044	36	897	859	861	255	NM:i:2	AS:f:855.12	dv:f:0.00232288	id:f:0.997677	cg:Z:17=1X520=1X322=
gb|AY826417|+|0-861|ARO:3001000|TEM-136 [Klebsiella pneumoniae] 	861	0	861	+	>5967	1044	36	897	857	861	255	NM:i:4	AS:f:849.24	dv:f:0.00464576	id:f:0.995354	cg:Z:483=1X218=1X5=1X80=1X71=
gb|AM286274|+|0-861|ARO:3001001|TEM-137 [Shigella sonnei] 	861	0	861	+	>5967	1044	36	897	855	862	255	NM:i:7	AS:f:840.42	dv:f:0.00812065	id:f:0.991879	cg:Z:137=1X257=1X77=1X9=1X224=1D2=1I5=1X144=
gb|AY853593|+|214-1075|ARO:3001002|TEM-138 [Salmonella enterica] 	861	0	861	+	>5967	1044	36	897	854	861	255	NM:i:7	AS:f:840.42	dv:f:0.00813008	id:f:0.99187	cg:Z:137=1X165=1X91=1X77=1X43=1X187=1X10=1X144=
gb|DQ072853|+|0-861|ARO:3001003|TEM-139 [Klebsiella pneumoniae] 	861	0	861	+	>5967	1044	36	897	851	862	255	NM:i:11	AS:f:828.66	dv:f:0.012761	id:f:0.987239	cg:Z:17=1X90=1X28=1X1I1X1D163=1X91=1X77=1X231=1X10=1X144=
gb|AY956335|+|38-899|ARO:3001004|TEM-141 [Enterobacter cloacae] 	861	0	861	+	>5967	1044	36	897	860	861	255	NM:i:1	AS:f:858.06	dv:f:0.00116144	id:f:0.998839	cg:Z:93=1X767=
gb|DQ388882|+|0-861|ARO:3001005|TEM-142 [Escherichia coli] 	861	0	861	+	>5967	1044	36	897	853	861	255	NM:i:8	AS:f:837.48	dv:f:0.00929152	id:f:0.990708	cg:Z:137=1X165=1X91=1X77=1X231=2X9=1X64=1X79=
gb|DQ075245|+|217-1078|ARO:3001006|TEM-143 [Escherichia coli] 	861	0	861	+	>5967	1044	36	897	859	861	255	NM:i:2	AS:f:855.12	dv:f:0.00232288	id:f:0.997677	cg:Z:17=1X465=1X377=
gb|AM049399|+|0-861|ARO:3001007|TEM-144 [Salmonella enterica subsp. enterica serovar Derby] 	861	0	861	+	>5967	1044	36	897	858	861	255	NM:i:3	AS:f:852.18	dv:f:0.00348432	id:f:0.996516	cg:Z:17=1X465=1X224=1X152=
gb|DQ105528|+|0-861|ARO:3001012|TEM-145 [Escherichia coli] 	861	0	861	+	>5967	1044	36	897	857	861	255	NM:i:4	AS:f:849.24	dv:f:0.00464576	id:f:0.995354	cg:Z:395=1X258=1X66=1X72=1X66=
gb|DQ105529|+|0-861|ARO:3001013|TEM-146 [Escherichia coli] 	861	0	861	+	>5967	1044	36	897	857	861	255	NM:i:4	AS:f:849.24	dv:f:0.00464576	id:f:0.995354	cg:Z:227=1X105=1X61=1X325=1X139=
gb|DQ279850|+|0-861|ARO:3001014|TEM-147 [Pseudomonas aeruginosa] 	861	0	861	+	>5967	1044	36	897	859	861	255	NM:i:2	AS:f:855.12	dv:f:0.00232288	id:f:0.997677	cg:Z:484=1X179=1X196=
gb|AM087454|+|208-1069|ARO:3001015|TEM-148 [Escherichia coli] 	861	0	861	+	>5967	1044	36	897	859	861	255	NM:i:2	AS:f:855.12	dv:f:0.00232288	id:f:0.997677	cg:Z:17=1X538=1X304=
gb|DQ369751|+|0-861|ARO:3001016|TEM-149 [Klebsiella aerogenes] 	861	0	861	+	>5967	1044	36	897	853	861	255	NM:i:8	AS:f:837.48	dv:f:0.00929152	id:f:0.990708	cg:Z:137=1X165=1X91=1X77=1X9=1X54=1X170=1X6=1X144=
gb|AM183304|+|208-1069|ARO:3001017|TEM-150 [Escherichia coli] 	861	0	861	+	>5967	1044	36	897	858	861	255	NM:i:3	AS:f:852.18	dv:f:0.00348432	id:f:0.996516	cg:Z:77=1X149=1X167=1X465=
gb|DQ834729|+|205-1066|ARO:3001018|TEM-151 [Escherichia coli] 	861	0	861	+	>5967	1044	36	897	853	861	255	NM:i:8	AS:f:837.48	dv:f:0.00929152	id:f:0.990708	cg:Z:137=1X60=1X196=1X77=1X10=1X231=1X96=1X24=1X22=
gb|DQ834728|+|205-1066|ARO:3001019|TEM-152 [Escherichia coli] 	861	0	861	+	>5967	1044	36	897	853	861	255	NM:i:8	AS:f:837.48	dv:f:0.00929152	id:f:0.990708	cg:Z:137=1X60=1X196=1X77=1X10=1X223=1X7=1X96=1X47=
gb|KC149518|+|0-861|ARO:3001369|TEM-153 [Escherichia coli] 	861	0	861	+	>5967	1044	36	897	857	861	255	NM:i:4	AS:f:849.24	dv:f:0.00464576	id:f:0.995354	cg:Z:303=1X91=1X142=1X248=1X73=
gb|FJ807656|+|0-861|ARO:3001020|TEM-154 [Escherichia coli] 	861	0	861	+	>5967	1044	36	897	857	861	255	NM:i:4	AS:f:849.24	dv:f:0.00464576	id:f:0.995354	cg:Z:198=1X28=1X167=1X87=1X377=
gb|DQ679961|+|114-975|ARO:3001021|TEM-155 [Proteus mirabilis] 	861	0	861	+	>5967	1044	36	897	856	861	255	NM:i:5	AS:f:846.3	dv:f:0.0058072	id:f:0.994193	cg:Z:108=1X28=1X257=1X87=1X224=1X152=
gb|AM941159|+|208-1069|ARO:3001022|TEM-156 [Proteus mirabilis] 	861	0	861	+	>5967	1044	36	897	858	861	255	NM:i:3	AS:f:852.18	dv:f:0.00348432	id:f:0.996516	cg:Z:227=1X167=1X62=1X402=
gb|DQ909059|+|0-861|ARO:3001023|TEM-157 [Enterobacter cloacae] 	861	0	861	+	>5967	1044	36	897	855	861	255	NM:i:6	AS:f:843.36	dv:f:0.00696864	id:f:0.993031	cg:Z:20=1X206=1X15=1X48=1X102=1X148=1X316=
gb|EF534736|+|213-1074|ARO:3001024|TEM-158 [Escherichia coli] 	861	0	861	+	>5967	1044	36	897	857	861	255	NM:i:4	AS:f:849.24	dv:f:0.00464576	id:f:0.995354	cg:Z:17=1X180=1X284=1X329=1X47=
gb|EF136376|+|0-861|ARO:3001025|TEM-159 [Proteus mirabilis] 	861	0	861	+	>5967	1044	36	897	855	861	255	NM:i:6	AS:f:843.36	dv:f:0.00696864	id:f:0.993031	cg:Z:54=1X82=1X62=1X194=1X77=1X64=1X322=
gb|AM849805|+|262-1123|ARO:3000886|TEM-15 [Haemophilus parainfluenzae] 	861	0	861	+	>5967	1044	36	897	858	861	255	NM:i:3	AS:f:852.18	dv:f:0.00348432	id:f:0.996516	cg:Z:17=1X285=1X401=1X155=
gb|EF136377|+|0-861|ARO:3001026|TEM-160 [Proteus mirabilis] 	861	0	861	+	>5967	1044	36	897	855	861	255	NM:i:6	AS:f:843.36	dv:f:0.00696864	id:f:0.993031	cg:Z:108=1X28=1X60=1X196=1X77=1X242=1X144=
gb|EF468463|+|66-927|ARO:3001028|TEM-162 [Acinetobacter haemolyticus] 	861	0	861	+	>5967	1044	36	897	851	861	255	NM:i:10	AS:f:831.6	dv:f:0.0116144	id:f:0.988386	cg:Z:47=1X27=1X29=1X77=1X43=1X15=1X48=1X4=1X97=1X148=1X316=
gb|EU815939|+|0-861|ARO:3001029|TEM-163 [Escherichia coli] 	861	0	861	+	>5967	1044	36	897	859	861	255	NM:i:2	AS:f:855.12	dv:f:0.00232288	id:f:0.997677	cg:Z:811=1X41=1X7=
gb|EU274580|+|214-1075|ARO:3001030|TEM-164 [Klebsiella pneumoniae] 	861	0	861	+	>5967	1044	36	897	858	861	255	NM:i:3	AS:f:852.18	dv:f:0.00348432	id:f:0.996516	cg:Z:17=1X93=1X711=1X37=
gb|FJ197316|+|0-861|ARO:3001032|TEM-166 [Escherichia coli] 	861	0	861	+	>5967	1044	36	897	859	861	255	NM:i:2	AS:f:855.12	dv:f:0.00232288	id:f:0.997677	cg:Z:17=1X333=1X509=
gb|FJ360884|+|213-1074|ARO:3001033|TEM-167 [Escherichia coli] 	861	0	861	+	>5967	1044	36	897	852	861	255	NM:i:9	AS:f:834.54	dv:f:0.010453	id:f:0.989547	cg:Z:54=1X82=1X165=1X91=1X77=1X190=1X40=1X10=1X64=1X79=
gb|FJ919776|+|208-1069|ARO:3001034|TEM-168 [Escherichia coli] 	861	0	861	+	>5967	1044	36	897	858	861	255	NM:i:3	AS:f:852.18	dv:f:0.00348432	id:f:0.996516	cg:Z:227=1X167=1X385=1X79=
gb|FJ873740|+|0-858|ARO:3001035|TEM-169 [Salmonella enterica subsp. enterica serovar Infantis] 	858	0	858	+	>5967	1044	36	894	856	858	255	NM:i:2	AS:f:852.12	dv:f:0.002331	id:f:0.997669	cg:Z:198=1X287=1X371=
gb|X65254|+|175-1036|ARO:3000887|TEM-16 [Klebsiella pneumoniae] 	861	0	861	+	>5967	1044	36	897	854	861	255	NM:i:7	AS:f:840.42	dv:f:0.00813008	id:f:0.99187	cg:Z:108=1X28=1X165=1X91=1X77=1X10=1X231=1X144=
gb|GQ149347|+|5269-6130|ARO:3001037|TEM-171 [Escherichia coli] 	861	0	861	+	>5967	1044	36	897	858	861	255	NM:i:3	AS:f:852.18	dv:f:0.00348432	id:f:0.996516	cg:Z:227=1X15=1X151=1X465=
gb|GU550123|+|144-1005|ARO:3001041|TEM-176 [Escherichia coli] 	861	0	861	+	>5967	1044	36	897	859	861	255	NM:i:2	AS:f:855.12	dv:f:0.00232288	id:f:0.997677	cg:Z:17=1X646=1X196=
gb|FN652295|+|0-861|ARO:3001042|TEM-177 [Proteus mirabilis] 	861	0	861	+	>5967	1044	36	897	851	861	255	NM:i:10	AS:f:831.6	dv:f:0.0116144	id:f:0.988386	cg:Z:9=1X98=1X28=1X165=1X91=1X77=1X9=1X54=1X163=1X5=1X152=
gb|X97254|+|153-1011|ARO:3001043|TEM-178 [Serratia marcescens] 	858	0	858	+	>5967	1044	36	897	836	864	255	NM:i:28	AS:f:775.68	dv:f:0.0324074	id:f:0.967593	cg:Z:117=1X1=1X1I7=1X1D8=1X257=1X30=1X2=1X1I2=1X1D39=1X51=1I1=1X1D100=1X3D73=1X10=1X116=1X5=1X2=1X2=1X2=1X2=1X9=
gb|Y14574|+|0-861|ARO:3000888|TEM-17 [Capnocytophaga ochracea] 	861	0	861	+	>5967	1044	36	897	854	861	255	NM:i:7	AS:f:840.42	dv:f:0.00813008	id:f:0.99187	cg:Z:227=1X32=1X42=1X91=1X77=1X180=1X121=1X84=
gb|NG_050218.1|+|0-1061|ARO:3001044|TEM-181 [Bacteria] Partial	1061	8	1061	+	>5965>5967	1466	366	1419	1050	1053	255	NM:i:3	AS:f:1044.18	dv:f:0.002849	id:f:0.997151	cg:Z:319=1X167=1X148=1X416=
gb|HQ317449|+|0-861|ARO:3001373|TEM-182 [Haemophilus parainfluenzae] 	861	0	861	+	>5967	1044	36	897	857	861	255	NM:i:4	AS:f:849.24	dv:f:0.00464576	id:f:0.995354	cg:Z:17=1X182=1X286=1X323=1X49=
gb|HQ529916|+|110-971|ARO:3001045|TEM-183 [Klebsiella pneumoniae] 	861	0	861	+	>5967	1044	36	897	858	861	255	NM:i:3	AS:f:852.18	dv:f:0.00348432	id:f:0.996516	cg:Z:227=1X167=1X285=1X179=
gb|FR848831|+|0-861|ARO:3001375|TEM-184 [Escherichia coli] 	861	0	861	+	>5967	1044	36	897	853	861	255	NM:i:8	AS:f:837.48	dv:f:0.00929152	id:f:0.990708	cg:Z:9=1X127=1X165=1X68=1X22=1X77=1X9=1X54=1X322=
gb|JF795538|+|0-861|ARO:3001374|TEM-185 [Escherichia coli] 	861	0	861	+	>5967	1044	36	897	856	861	255	NM:i:5	AS:f:846.3	dv:f:0.0058072	id:f:0.994193	cg:Z:137=1X60=1X196=1X77=1X12=1X374=
gb|JN227084|+|308-1169|ARO:3001046|TEM-186 [Escherichia coli] 	861	0	861	+	>5967	1044	36	897	859	861	255	NM:i:2	AS:f:855.12	dv:f:0.00232288	id:f:0.997677	cg:Z:17=1X501=1X341=
gb|HM246246|+|211-1069|ARO:3001047|TEM-187 [Proteus mirabilis] 	858	0	857	+	>5967	1044	36	893	849	857	255	NM:i:8	AS:f:833.48	dv:f:0.00933489	id:f:0.990665	cg:Z:54=1X82=1X257=1X77=1X10=1X59=1X171=1X64=1X75=
gb|JN211012|+|213-1074|ARO:3001048|TEM-188 [Salmonella enterica] 	861	0	861	+	>5967	1044	36	897	854	861	255	NM:i:7	AS:f:840.42	dv:f:0.00813008	id:f:0.99187	cg:Z:54=1X82=1X257=1X77=1X231=1X2=1X7=1X144=
gb|JN254627|+|0-861|ARO:3001049|TEM-189 [Escherichia coli] 	861	0	861	+	>5967	1044	36	897	857	861	255	NM:i:4	AS:f:849.24	dv:f:0.00464576	id:f:0.995354	cg:Z:198=1X28=1X167=1X312=1X152=
gb|JN416112|+|0-861|ARO:3001050|TEM-190 [Escherichia coli] 	861	0	861	+	>5967	1044	36	897	854	861	255	NM:i:7	AS:f:840.42	dv:f:0.00813008	id:f:0.99187	cg:Z:137=1X60=1X196=1X77=1X12=1X229=1X96=1X47=
gb|KY432484.1|+|0-861|ARO:3001051|TEM-191 [Acinetobacter baumannii] 	861	0	861	+	>5967	1044	36	897	856	861	255	NM:i:5	AS:f:846.3	dv:f:0.0058072	id:f:0.994193	cg:Z:137=1X257=1X77=1X234=1X7=1X144=
gb|JF949915|+|0-754|ARO:3001052|TEM-192 [Klebsiella pneumoniae] 	753	0	753	+	>5967	1044	66	819	752	753	255	NM:i:1	AS:f:750.06	dv:f:0.00132802	id:f:0.998672	cg:Z:167=1X585=
gb|JN935135|+|0-861|ARO:3001053|TEM-193 [Acinetobacter baumannii] 	861	0	861	+	>5967	1044	36	897	843	862	255	NM:i:19	AS:f:805.14	dv:f:0.0220418	id:f:0.977958	cg:Z:137=1X257=1X3=1X5=1X31=1X32=1X2=1X9=1X6=1X4=1X6=1X3=1X9=1X32=1X4=1I4=1X1D91=1X64=1X144=
gb|JN935136|+|0-861|ARO:3001054|TEM-194 [Acinetobacter baumannii] 	861	0	861	+	>5967	1044	36	897	839	861	255	NM:i:22	AS:f:796.32	dv:f:0.0255517	id:f:0.974448	cg:Z:137=1X151=1X105=1X6=1X34=1X21=1X1=1X8=1X2=1X42=1X28=2X2=1X4=1X13=1X11=1X26=1X2=1X30=1X9=1X22=1X41=1X144=
gb|JN935137|+|0-861|ARO:3001055|TEM-195 [Acinetobacter baumannii] 	861	0	861	+	>5967	1044	36	897	848	861	255	NM:i:13	AS:f:822.78	dv:f:0.0150987	id:f:0.984901	cg:Z:137=1X151=1X105=1X41=1X32=1X2=1X9=1X32=1X28=1X3=1X4=1X2=1X158=1X144=
gb|JQ034306|+|0-861|ARO:3001376|TEM-196 [Shigella sonnei] 	861	0	861	+	>5967	1044	36	897	858	861	255	NM:i:3	AS:f:852.18	dv:f:0.00348432	id:f:0.996516	cg:Z:17=1X144=1X316=1X381=
gb|HQ877606|+|0-861|ARO:3001056|TEM-197 [Klebsiella pneumoniae] 	861	0	861	+	>5967	1044	36	897	856	861	255	NM:i:5	AS:f:846.3	dv:f:0.0058072	id:f:0.994193	cg:Z:227=1X75=1X91=1X148=1X160=1X155=
gb|AB700703|+|161-1022|ARO:3001057|TEM-198 [Klebsiella pneumoniae] 	861	0	861	+	>5967	1044	36	897	859	861	255	NM:i:2	AS:f:855.12	dv:f:0.00232288	id:f:0.997677	cg:Z:17=1X781=1X61=
gb|JX050178|+|0-853|ARO:3001058|TEM-199 [Proteus mirabilis] Partial	853	0	853	+	>5967	1044	44	897	845	853	255	NM:i:8	AS:f:829.48	dv:f:0.00937866	id:f:0.990621	cg:Z:100=1X28=1X165=1X91=1X62=1X14=1X231=1X10=1X144=
gb|JX042489|+|141-1002|ARO:3000890|TEM-19 [Acinetobacter baumannii] 	861	0	861	+	>5967	1044	36	897	856	861	255	NM:i:5	AS:f:846.3	dv:f:0.0058072	id:f:0.994193	cg:Z:137=1X257=1X77=1X231=1X10=1X144=
gb|AL513383|+|161910-162771|ARO:3000873|TEM-1 [Salmonella enterica subsp. enterica serovar Typhi str. CT18] 	861	0	861	+	>5967	1044	36	897	859	861	255	NM:i:2	AS:f:855.12	dv:f:0.00232288	id:f:0.997677	cg:Z:17=1X377=1X465=
gb|JX310327|+|0-861|ARO:3001378|TEM-201 [Escherichia coli] 	861	0	861	+	>5967	1044	36	897	858	861	255	NM:i:3	AS:f:852.18	dv:f:0.00348432	id:f:0.996516	cg:Z:17=1X63=1X707=1X71=
gb|KC900516|+|0-858|ARO:3001382|TEM-205 [Pseudomonas aeruginosa] 	858	0	858	+	>5967	1044	36	894	849	858	255	NM:i:9	AS:f:831.54	dv:f:0.0104895	id:f:0.98951	cg:Z:137=1X89=1X15=1X59=1X91=1X77=1X9=1X54=1X5=1X313=
gb|KC783461|+|0-861|ARO:3001383|TEM-206 [Escherichia coli] 	861	0	861	+	>5967	1044	36	897	859	861	255	NM:i:2	AS:f:855.12	dv:f:0.00232288	id:f:0.997677	cg:Z:17=1X6=1X836=
gb|KC818234|+|0-861|ARO:3001384|TEM-207 [Escherichia coli] 	861	0	861	+	>5967	1044	36	897	859	861	255	NM:i:2	AS:f:855.12	dv:f:0.00232288	id:f:0.997677	cg:Z:17=1X691=1X151=
gb|KC865667|+|183-1044|ARO:3001385|TEM-208 [Escherichia coli] 	861	0	861	+	>5967	1044	36	897	859	861	255	NM:i:2	AS:f:855.12	dv:f:0.00232288	id:f:0.997677	cg:Z:17=1X281=1X561=
gb|KF240808|+|0-861|ARO:3001386|TEM-209 [Klebsiella pneumoniae] 	861	0	861	+	>5967	1044	36	897	860	861	255	NM:i:1	AS:f:858.06	dv:f:0.00116144	id:f:0.998839	cg:Z:115=1X745=
gb|Y17581|+|78-936|ARO:3000891|TEM-20 [Klebsiella pneumoniae] 	858	0	858	+	>5967	1044	36	894	852	858	255	NM:i:6	AS:f:840.36	dv:f:0.00699301	id:f:0.993007	cg:Z:137=1X257=1X77=1X64=1X166=1X10=1X141=
gb|KF513179|+|0-861|ARO:3001388|TEM-211 [Proteus mirabilis] 	861	0	861	+	>5967	1044	36	897	851	861	255	NM:i:10	AS:f:831.6	dv:f:0.0116144	id:f:0.988386	cg:Z:9=1X127=1X165=1X78=1X12=1X77=1X64=1X166=1X10=1X94=1X49=
gb|KF663615|+|0-858|ARO:3001390|TEM-213 [Pseudomonas aeruginosa] 	858	0	858	+	>5967	1044	36	894	853	858	255	NM:i:5	AS:f:843.3	dv:f:0.00582751	id:f:0.994172	cg:Z:137=1X89=1X79=1X87=1X77=1X384=
gb|KP050491|+|0-861|ARO:3001391|TEM-214 [Escherichia coli] 	861	0	861	+	>5967	1044	36	897	859	861	255	NM:i:2	AS:f:855.12	dv:f:0.00232288	id:f:0.997677	cg:Z:17=1X12=1X830=
gb|KP050492|+|0-861|ARO:3001392|TEM-215 [Escherichia coli] 	861	0	861	+	>5967	1044	36	897	859	861	255	NM:i:2	AS:f:855.12	dv:f:0.00232288	id:f:0.997677	cg:Z:17=1X433=1X409=
gb|KF944358|+|0-861|ARO:3001393|TEM-216 [Escherichia coli] 	861	0	861	+	>5967	1044	36	897	858	861	255	NM:i:3	AS:f:852.18	dv:f:0.00348432	id:f:0.996516	cg:Z:17=1X6=1X96=1X739=
gb|HG934763|+|0-861|ARO:3001394|TEM-217 [Enterobacter cloacae] 	861	0	861	+	>5967	1044	36	897	859	861	255	NM:i:2	AS:f:855.12	dv:f:0.00232288	id:f:0.997677	cg:Z:17=1X758=1X84=
gb|KM114268|+|0-861|ARO:3003157|TEM-219 [Escherichia coli] 	861	0	861	+	>5967	1044	36	897	857	861	255	NM:i:4	AS:f:849.24	dv:f:0.00464576	id:f:0.995354	cg:Z:17=1X209=1X167=1X375=1X89=
gb|Y17582|+|0-858|ARO:3000892|TEM-21 [Klebsiella pneumoniae] 	858	0	858	+	>5967	1044	36	894	850	858	255	NM:i:8	AS:f:834.48	dv:f:0.00932401	id:f:0.990676	cg:Z:108=1X28=1X165=1X91=1X55=1X21=1X231=1X10=1X141=
gb|KM998962.1|+|0-861|ARO:3003158|TEM-220 [Neisseria gonorrhoeae] 	861	0	861	+	>5967	1044	36	897	858	861	255	NM:i:3	AS:f:852.18	dv:f:0.00348432	id:f:0.996516	cg:Z:17=1X520=1X7=1X314=
gb|Y17583|+|213-1071|ARO:3000893|TEM-22 [Klebsiella pneumoniae] 	858	0	858	+	>5967	1044	36	894	850	858	255	NM:i:8	AS:f:834.48	dv:f:0.00932401	id:f:0.990676	cg:Z:108=1X28=1X165=1X91=1X77=1X229=1X1=1X10=1X141=
gb|X65253|+|175-1036|ARO:3000894|TEM-24 [Klebsiella pneumoniae] 	861	0	861	+	>5967	1044	36	897	854	861	255	NM:i:7	AS:f:840.42	dv:f:0.00813008	id:f:0.99187	cg:Z:108=1X28=1X165=1X91=1X87=1X218=1X5=1X152=
gb|NG_050256.1|+|100-961|ARO:3000896|TEM-26 [Enterobacteriaceae] 	861	0	861	+	>5967	1044	36	897	857	861	255	NM:i:4	AS:f:849.24	dv:f:0.00464576	id:f:0.995354	cg:Z:227=1X75=1X91=1X87=1X377=
gb|U37195|+|75-936|ARO:3000898|TEM-28 [Escherichia coli] 	861	0	861	+	>5967	1044	36	897	858	861	255	NM:i:3	AS:f:852.18	dv:f:0.00348432	id:f:0.996516	cg:Z:17=1X466=1X223=1X152=
gb|Y17584|+|0-858|ARO:3000899|TEM-29 [Escherichia coli] 	858	0	858	+	>5967	1044	36	894	857	858	255	NM:i:1	AS:f:855.06	dv:f:0.0011655	id:f:0.998834	cg:Z:484=1X373=
gb|X54606|+|214-1075|ARO:3000874|TEM-2 [Pseudomonas aeruginosa] 	861	0	861	+	>5967	1044	36	897	856	861	255	NM:i:5	AS:f:846.3	dv:f:0.0058072	id:f:0.994193	cg:Z:108=1X28=1X257=1X77=1X242=1X144=
gb|AJ437107|+|208-1069|ARO:3000900|TEM-30 [Escherichia coli] 	861	0	861	+	>5967	1044	36	897	859	861	255	NM:i:2	AS:f:855.12	dv:f:0.00232288	id:f:0.997677	cg:Z:17=1X702=1X140=
gb|GU371926|-|50304-51165|ARO:3000903|TEM-33 [Escherichia coli] 	861	0	861	+	>5967	1044	36	897	859	861	255	NM:i:2	AS:f:855.12	dv:f:0.00232288	id:f:0.997677	cg:Z:17=1X180=1X662=
gb|KC292503|+|4334-5195|ARO:3000904|TEM-34 [Haemophilus parainfluenzae] 	861	0	861	+	>5967	1044	36	897	859	861	255	NM:i:2	AS:f:855.12	dv:f:0.00232288	id:f:0.997677	cg:Z:17=1X180=1X662=
gb|X64523.1|-|476-1337|ARO:3000875|TEM-3 [Klebsiella pneumoniae] 	861	0	861	+	>5967	1044	36	897	854	861	255	NM:i:7	AS:f:840.42	dv:f:0.00813008	id:f:0.99187	cg:Z:108=1X28=1X165=1X91=1X77=1X231=1X10=1X144=
gb|FR717535|+|0-861|ARO:3000910|TEM-40 [Escherichia coli] 	861	0	861	+	>5967	1044	36	897	859	861	255	NM:i:2	AS:f:855.12	dv:f:0.00232288	id:f:0.997677	cg:Z:200=1X194=1X465=
gb|X98047|+|0-844|ARO:3000911|TEM-42 [Pseudomonas aeruginosa] 	843	0	843	+	>5967	1044	45	888	834	843	255	NM:i:9	AS:f:816.54	dv:f:0.0106762	id:f:0.989324	cg:Z:99=1X9=1X18=1X257=1X77=1X231=1X2=1X7=1X64=1X70=
gb|U95363|+|0-861|ARO:3000912|TEM-43 [Klebsiella pneumoniae] 	861	0	861	+	>5967	1044	36	897	858	861	255	NM:i:3	AS:f:852.18	dv:f:0.00348432	id:f:0.996516	cg:Z:303=1X180=1X53=1X322=
gb|X95401|+|208-1069|ARO:3000914|TEM-45 [Escherichia coli] 	861	0	861	+	>5967	1044	36	897	855	861	255	NM:i:6	AS:f:843.36	dv:f:0.00696864	id:f:0.993031	cg:Z:137=1X60=1X196=1X77=1X242=1X94=1X49=
gb|Y10279|+|0-861|ARO:3000916|TEM-47 [Klebsiella pneumoniae] 	861	0	861	+	>5967	1044	36	897	854	861	255	NM:i:7	AS:f:840.42	dv:f:0.00813008	id:f:0.99187	cg:Z:17=1X377=1X77=1X231=1X2=1X7=1X64=1X79=
gb|Y10280|+|0-861|ARO:3000917|TEM-48 [Klebsiella pneumoniae] 	861	0	861	+	>5967	1044	36	897	853	861	255	NM:i:8	AS:f:837.48	dv:f:0.00929152	id:f:0.990708	cg:Z:54=1X82=1X257=1X77=1X231=1X2=1X7=1X64=1X79=
gb|Y10281|+|0-861|ARO:3000918|TEM-49 [Escherichia coli] 	861	0	861	+	>5967	1044	36	897	852	861	255	NM:i:9	AS:f:834.54	dv:f:0.010453	id:f:0.989547	cg:Z:54=1X82=1X257=1X77=1X231=1X2=1X7=1X64=1X7=1X71=
gb|LK391770.1|+|19707-20568|ARO:3000876|TEM-4 [Klebsiella pneumoniae] 	861	0	861	+	>5967	1044	36	897	853	861	255	NM:i:8	AS:f:837.48	dv:f:0.00929152	id:f:0.990708	cg:Z:54=1X82=1X165=1X91=1X77=1X231=1X10=1X64=1X79=
gb|Y13612|+|0-861|ARO:3000921|TEM-52 [Klebsiella pneumoniae] 	861	0	861	+	>5967	1044	36	897	856	861	255	NM:i:5	AS:f:846.3	dv:f:0.0058072	id:f:0.994193	cg:Z:227=1X75=1X91=1X142=1X166=1X155=
gb|AF104441|+|193-1054|ARO:3000922|TEM-53 [Klebsiella pneumoniae] 	861	0	861	+	>5967	1044	36	897	855	861	255	NM:i:6	AS:f:843.36	dv:f:0.00696864	id:f:0.993031	cg:Z:54=1X82=1X257=1X77=1X9=1X232=1X144=
gb|AF104442|+|193-1054|ARO:3000923|TEM-54 [Escherichia coli] 	861	0	861	+	>5967	1044	36	897	858	861	255	NM:i:3	AS:f:852.18	dv:f:0.00348432	id:f:0.996516	cg:Z:227=1X167=1X325=1X139=
gb|DQ286729|+|0-861|ARO:3000924|TEM-55 [Escherichia coli] 	861	0	861	+	>5967	1044	36	897	860	861	255	NM:i:1	AS:f:858.06	dv:f:0.00116144	id:f:0.998839	cg:Z:646=1X214=
gb|FJ405211|+|0-861|ARO:3000926|TEM-57 [Escherichia coli] 	861	0	861	+	>5967	1044	36	897	860	861	255	NM:i:1	AS:f:858.06	dv:f:0.00116144	id:f:0.998839	cg:Z:268=1X592=
gb|AF062386|+|30-862|ARO:3000928|TEM-59 [Klebsiella oxytoca] 	831	0	831	+	>5967	1044	36	867	825	831	255	NM:i:6	AS:f:813.36	dv:f:0.00722022	id:f:0.99278	cg:Z:108=1X28=1X243=1X13=1X77=1X242=1X114=
gb|AF047171|+|135-996|ARO:3000929|TEM-60 [Providencia stuartii] 	861	0	861	+	>5967	1044	36	897	847	864	255	NM:i:17	AS:f:811.02	dv:f:0.0196759	id:f:0.980324	cg:Z:108=1X28=1X7=1I1=1X1D155=1X91=1X77=1X9=1X68=1X1I1X1D106=1D1=1I20=1X32=1X144=
gb|AF332513|+|103-964|ARO:3000931|TEM-63 [Escherichia coli] 	861	0	861	+	>5967	1044	36	897	853	861	255	NM:i:8	AS:f:837.48	dv:f:0.00929152	id:f:0.990708	cg:Z:54=1X82=1X165=1X91=1X77=1X9=1X54=1X108=1X213=
gb|AF091113|+|450-1311|ARO:3000934|TEM-67 [Proteus mirabilis] 	861	0	861	+	>5967	1044	36	897	854	861	255	NM:i:7	AS:f:840.42	dv:f:0.00813008	id:f:0.99187	cg:Z:54=1X53=1X28=1X257=1X77=1X242=1X3=1X140=
gb|AJ239002|+|0-861|ARO:3000935|TEM-68 [Klebsiella pneumoniae] 	861	0	861	+	>5967	1044	36	897	853	861	255	NM:i:8	AS:f:837.48	dv:f:0.00929152	id:f:0.990708	cg:Z:17=1X377=1X77=1X231=1X2=1X7=1X64=1X29=1X49=
gb|X57972|+|339-1200|ARO:3000878|TEM-6 [Escherichia coli] 	861	0	861	+	>5967	1044	36	897	857	861	255	NM:i:4	AS:f:849.24	dv:f:0.00464576	id:f:0.995354	cg:Z:227=1X75=1X91=1X88=1X376=
gb|AF188199|+|214-1075|ARO:3000936|TEM-70 [Escherichia coli] 	861	0	861	+	>5967	1044	36	897	859	861	255	NM:i:2	AS:f:855.12	dv:f:0.00232288	id:f:0.997677	cg:Z:17=1X586=1X256=
gb|AF203816|+|210-1071|ARO:3000937|TEM-71 [Klebsiella pneumoniae] 	861	0	861	+	>5967	1044	36	897	855	861	255	NM:i:6	AS:f:843.36	dv:f:0.00696864	id:f:0.993031	cg:Z:137=1X257=1X77=1X231=1X2=1X7=1X144=
gb|AF157553|+|147-1008|ARO:3000938|TEM-72 [Morganella morganii] 	861	0	861	+	>5967	1044	36	897	853	861	255	NM:i:8	AS:f:837.48	dv:f:0.00929152	id:f:0.990708	cg:Z:108=1X28=1X257=1X77=1X64=1X166=1X2=1X7=1X144=
gb|AJ012256|+|208-1069|ARO:3000939|TEM-73 [Proteus mirabilis] 	861	0	861	+	>5967	1044	36	897	858	861	255	NM:i:3	AS:f:852.18	dv:f:0.00348432	id:f:0.996516	cg:Z:198=1X196=1X324=1X140=
gb|AY130284|+|0-785|ARO:3000941|TEM-75 [Klebsiella pneumoniae] Partial	785	0	785	+	>5967	1044	72	857	778	785	255	NM:i:7	AS:f:764.42	dv:f:0.0089172	id:f:0.991083	cg:Z:18=1X82=1X257=1X77=1X10=1X231=1X64=1X39=
gb|AF190694|+|208-1069|ARO:3000942|TEM-76 [Escherichia coli] 	861	0	861	+	>5967	1044	36	897	859	861	255	NM:i:2	AS:f:855.12	dv:f:0.00232288	id:f:0.997677	cg:Z:17=1X363=1X479=
gb|AF190693|+|208-1069|ARO:3000944|TEM-78 [Escherichia coli] 	861	0	861	+	>5967	1044	36	897	854	861	255	NM:i:7	AS:f:840.42	dv:f:0.00813008	id:f:0.99187	cg:Z:137=1X60=1X196=1X77=1X12=1X229=1X96=1X47=
gb|AF190692|+|208-1069|ARO:3000946|TEM-79 [Escherichia coli] 	861	0	861	+	>5967	1044	36	897	858	861	255	NM:i:3	AS:f:852.18	dv:f:0.00348432	id:f:0.996516	cg:Z:17=1X209=1X492=1X140=
gb|AF527798.1|+|0-785|ARO:3000879|TEM-7 [Escherichia coli] Partial	785	0	785	+	>5967	1044	72	857	779	785	255	NM:i:6	AS:f:767.36	dv:f:0.00764331	id:f:0.992357	cg:Z:72=1X28=1X257=1X77=1X9=1X232=1X104=
gb|AF347054|+|208-1069|ARO:3000947|TEM-80 [Enterobacter cloacae] 	861	0	861	+	>5967	1044	36	897	856	861	255	NM:i:5	AS:f:846.3	dv:f:0.0058072	id:f:0.994193	cg:Z:198=1X28=1X144=1X22=1X417=1X47=
gb|AF427127|+|208-1069|ARO:3000948|TEM-81 [Escherichia coli] 	861	0	861	+	>5967	1044	36	897	857	861	255	NM:i:4	AS:f:849.24	dv:f:0.00464576	id:f:0.995354	cg:Z:198=1X28=1X144=1X22=1X465=
gb|AF427128|+|208-1069|ARO:3000949|TEM-82 [Escherichia coli] 	861	0	861	+	>5967	1044	36	897	857	861	255	NM:i:4	AS:f:849.24	dv:f:0.00464576	id:f:0.995354	cg:Z:198=1X28=1X167=1X415=1X49=
gb|AF427129|+|208-1069|ARO:3000950|TEM-83 [Escherichia coli] 	861	0	861	+	>5967	1044	36	897	854	861	255	NM:i:7	AS:f:840.42	dv:f:0.00813008	id:f:0.99187	cg:Z:137=1X60=1X196=1X77=1X14=1X227=1X94=1X49=
gb|AF427130|+|208-1069|ARO:3000951|TEM-84 [Escherichia coli] 	861	0	861	+	>5967	1044	36	897	856	861	255	NM:i:5	AS:f:846.3	dv:f:0.0058072	id:f:0.994193	cg:Z:137=1X257=1X77=1X242=1X96=1X47=
gb|AJ277414|+|0-861|ARO:3000952|TEM-85 [Klebsiella pneumoniae] 	861	0	861	+	>5967	1044	36	897	853	861	255	NM:i:8	AS:f:837.48	dv:f:0.00929152	id:f:0.990708	cg:Z:54=1X82=1X257=1X77=1X9=1X224=1X7=1X64=1X79=
gb|AJ277415|+|0-861|ARO:3000953|TEM-86 [Klebsiella pneumoniae] 	861	0	861	+	>5967	1044	36	897	852	861	255	NM:i:9	AS:f:834.54	dv:f:0.010453	id:f:0.989547	cg:Z:54=1X82=1X257=1X77=1X9=1X218=1X5=1X7=1X64=1X79=
gb|AF250872|+|0-861|ARO:3000954|TEM-87 [Proteus mirabilis] 	861	0	861	+	>5967	1044	36	897	852	861	255	NM:i:9	AS:f:834.54	dv:f:0.010453	id:f:0.989547	cg:Z:9=1X127=1X165=1X91=1X77=1X6=1X2=1X54=1X177=1X144=
gb|AY027590|+|112-973|ARO:3000955|TEM-88 [Klebsiella pneumoniae] 	861	0	861	+	>5967	1044	36	897	856	861	255	NM:i:5	AS:f:846.3	dv:f:0.0058072	id:f:0.994193	cg:Z:17=1X285=1X234=1X41=1X124=1X155=
gb|AY039040|+|188-1022|ARO:3000956|TEM-89 [Proteus mirabilis] 	834	0	834	+	>5967	1044	36	870	826	834	255	NM:i:8	AS:f:810.48	dv:f:0.00959233	id:f:0.990408	cg:Z:108=1X28=1X165=1X77=1X13=1X77=1X231=1X10=1X117=
gb|X65252|+|175-1036|ARO:3000880|TEM-8 [Klebsiella pneumoniae] 	861	0	861	+	>5967	1044	36	897	853	861	255	NM:i:8	AS:f:837.48	dv:f:0.00929152	id:f:0.990708	cg:Z:108=1X28=1X165=1X91=1X77=1X9=1X221=1X10=1X144=
gb|AF351241|+|89-950|ARO:3000957|TEM-90 [Escherichia coli] 	861	0	861	+	>5967	1044	36	897	858	861	255	NM:i:3	AS:f:852.18	dv:f:0.00348432	id:f:0.996516	cg:Z:227=1X109=1X57=1X465=
gb|AB049569|+|0-861|ARO:3000958|TEM-91 [Escherichia coli] 	861	0	861	+	>5967	1044	36	897	857	861	255	NM:i:4	AS:f:849.24	dv:f:0.00464576	id:f:0.995354	cg:Z:395=1X87=1X54=1X169=1X152=
gb|AF143804|+|0-861|ARO:3000959|TEM-92 [Proteus mirabilis] 	861	0	861	+	>5967	1044	36	897	853	861	255	NM:i:8	AS:f:837.48	dv:f:0.00929152	id:f:0.990708	cg:Z:9=1X127=1X165=1X91=1X77=1X64=1X166=1X10=1X144=
gb|AJ318093|+|0-861|ARO:3000960|TEM-93 [Escherichia coli] 	861	0	861	+	>5967	1044	36	897	856	861	255	NM:i:5	AS:f:846.3	dv:f:0.0058072	id:f:0.994193	cg:Z:227=1X167=1X142=1X166=1X2=1X152=
gb|AJ318094|+|0-861|ARO:3000961|TEM-94 [Escherichia coli] 	861	0	861	+	>5967	1044	36	897	852	861	255	NM:i:9	AS:f:834.54	dv:f:0.010453	id:f:0.989547	cg:Z:54=1X82=1X165=1X91=1X77=1X64=1X166=1X10=1X64=1X79=
gb|AJ308558|+|181-1042|ARO:3000962|TEM-95 [Escherichia coli] 	861	0	861	+	>5967	1044	36	897	859	861	255	NM:i:2	AS:f:855.12	dv:f:0.00232288	id:f:0.997677	cg:Z:17=1X408=1X434=
gb|AY092401|+|0-861|ARO:3000963|TEM-96 [Escherichia coli] 	861	0	861	+	>5967	1044	36	897	858	861	255	NM:i:3	AS:f:852.18	dv:f:0.00348432	id:f:0.996516	cg:Z:395=1X85=1X354=1X24=
gb|AM990992.1|-|1001760-1003680|ARO:3000186|tetM [Staphylococcus aureus subsp. aureus ST398] 	1920	0	1920	+	<1107	47514	33707	35627	1874	1920	255	NM:i:46	AS:f:1784.76	dv:f:0.0239583	id:f:0.976042	cg:Z:1415=1X20=1X14=1X2=1X11=1X20=1X20=1X2=1X23=1X21=1X11=1X4=1X4=1X3=1X1=1X43=1X7=1X20=1X5=1X11=1X11=1X2=1X6=1X1=1X6=1X20=1X3=1X9=1X8=1X11=1X5=1X1=1X12=1X11=1X1=1X13=1X5=1X7=1X2=1X2=1X5=1X2=1X2=1X15=1X9=1X22=1X26=
gb|U00096|-|2098446-2099613|ARO:3003577|ugd [Escherichia coli str. K-12 substr. MG1655] 	1167	0	1167	+	<3493	11214	1619	2786	1136	1167	255	NM:i:31	AS:f:1075.86	dv:f:0.0265638	id:f:0.973436	cg:Z:32=1X308=1X167=1X20=1X22=2X117=1X1=1X2=1X2=1X2=1X20=1X2=1X23=1X11=1X101=1X8=1X29=1X41=1X23=1X35=1X20=1X2=1X14=1X38=1X17=1X8=1X2=1X5=1X17=1X17=1X30=
