	Path_Bandage	Start_Bandage	End_Bandage	Extracted_Path	Start_GraphAligner	End_GraphAligner	Path_GraphAligner	BandageVSGraphAligner	ResultsBandageVSGraphAligner
0	(24) 5151- (884)	24	884	5151	24	884	5151	Full	SinglePathFull
1	(37) 5967+ (897)	37	897	5967	37	897	5967	Full	SinglePathFull
2	(24) 5151- (884)	24	884	5151	24	884	5151	Full	SinglePathFull
3	(24) 5151- (884)	24	884	5151	24	884	5151	Full	SinglePathFull
4	(24) 5151- (884)	24	884	5151	24	884	5151	Full	SinglePathFull
5	(37) 5967+ (897)	37	897	5967	37	897	5967	Full	SinglePathFull
6	(24) 5151- (869)	24	869	5151	24	869	5151	Full	SinglePathFull
7	(836) 5093+ (1672)	836	1672	5093	836	1672	5093	Full	SinglePathFull
8	(56) 7593+ (642)	56	642	7593	56	642	7593	Full	SinglePathFull
9	(37) 5967+ (897)	37	897	5967	37	897	5967	Full	SinglePathFull
10	(1688) 7591+ (2477) , (712) 7593+ (1500)	1688, 712	2477, 1500	7591,7593	1688	2477	7591	Different	SinglePathFull
11	(37) 5967+ (867)	37	867	5967	37	867	5967	Full	SinglePathFull
12	(24) 5151- (884)	24	884	5151	24	884	5151	Full	SinglePathFull
13	(67) 20959+ (600)	67	600	20959	67	600	20959	Full	SinglePathFull
14	(37) 5967+ (897)	37	897	5967	37	897	5967	Full	SinglePathFull
15	(37) 5967+ (897)	37	897	5967	37	897	5967	Full	SinglePathFull
16	(37) 5967+ (897)	37	897	5967	37	897	5967	Full	SinglePathFull
17	(37) 5967+ (897)	37	897	5967	37	897	5967	Full	SinglePathFull
18	(54) 5151- (833)	54	833	5151	54	833	5151	Full	SinglePathFull
19	(54) 5151- (833)	54	833	5151	54	833	5151	Full	SinglePathFull
20	(54) 5151- (833)	54	833	5151	54	833	5151	Full	SinglePathFull
21	(54) 5151- (833)	54	833	5151	54	833	5151	Full	SinglePathFull
22	(54) 5151- (833)	54	833	5151	54	833	5151	Full	SinglePathFull
23	(24) 5151- (884)	24	884	5151	24	884	5151	Full	SinglePathFull
24	(37) 5967+ (897)	37	897	5967	37	897	5967	Full	SinglePathFull
25	(24) 5151- (884)	24	884	5151	24	884	5151	Full	SinglePathFull
26	(1700) 7591+ (2479) , (732) 7593+ (1498)	1700, 732	2479, 1498	7591,7593	1700	2479	7591	Different	SinglePathFull
27	(37) 5967+ (897)	37	897	5967	37	897	5967	Full	SinglePathFull
28	(24) 5151- (884)	24	884	5151	24	884	5151	Full	SinglePathFull
29	(37) 5967+ (897)	37	897	5967	37	897	5967	Full	SinglePathFull
30	(37) 5967+ (897)	37	897	5967	37	897	5967	Full	SinglePathFull
31	(37) 5967+ (897)	37	897	5967	37	897	5967	Full	SinglePathFull
32	(37) 5967+ (897)	37	897	5967	37	897	5967	Full	SinglePathFull
33	(37) 5967+ (897)	37	897	5967	37	897	5967	Full	SinglePathFull
34	(24) 5151- (884)	24	884	5151	24	884	5151	Full	SinglePathFull
35	(24) 5151- (884)	24	884	5151	24	884	5151	Full	SinglePathFull
36	(24) 5151- (884)	24	884	5151	24	884	5151	Full	SinglePathFull
37	(37) 5967+ (897)	37	897	5967	37	897	5967	Full	SinglePathFull
38	(24) 5151- (884)	24	884	5151	24	884	5151	Full	SinglePathFull
39	(24) 5151- (884)	24	884	5151	24	884	5151	Full	SinglePathFull
40	(24) 5151- (884)	24	884	5151	24	884	5151	Full	SinglePathFull
41	(33) 5093+ (836)	33	836	5093	33	836	5093	Full	SinglePathFull
42	(37) 5967+ (897)	37	897	5967	37	897	5967	Full	SinglePathFull
43	(37) 5967+ (897)	37	897	5967	37	897	5967	Full	SinglePathFull
44	(37) 5967+ (897)	37	897	5967	37	897	5967	Full	SinglePathFull
45	(37) 5967+ (897)	37	897	5967	37	897	5967	Full	SinglePathFull
46	(37) 5967+ (897)	37	897	5967	37	897	5967	Full	SinglePathFull
47	(37) 5967+ (897)	37	897	5967	37	897	5967	Full	SinglePathFull
48	(37) 5967+ (897)	37	897	5967	37	897	5967	Full	SinglePathFull
49	(88) 7593+ (642)	88	642	7593	88	642	7593	Full	SinglePathFull
50	(24) 5151- (884)	24	884	5151	24	884	5151	Full	SinglePathFull
51	(24) 5151- (884)	24	884	5151	24	884	5151	Full	SinglePathFull
52	(37) 5967+ (897)	37	897	5967	37	897	5967	Full	SinglePathFull
53	(37) 5967+ (897)	37	897	5967	37	897	5967	Full	SinglePathFull
54	(45) 5967+ (897)	45	897	5967	45	897	5967	Full	SinglePathFull
55	(37) 5967+ (897)	37	897	5967	37	897	5967	Full	SinglePathFull
56	(37) 5967+ (897)	37	897	5967	37	897	5967	Full	SinglePathFull
57	(73) 5967+ (857)	73	857	5967	0	0	0	Different	Different
58	(37) 5967+ (897)	37	897	5967	37	897	5967	Full	SinglePathFull
59	(24) 5151- (884)	24	884	5151	24	884	5151	Full	SinglePathFull
60	(24) 5151- (884)	24	884	5151	24	884	5151	Full	SinglePathFull
61	(24) 5151- (884)	24	884	5151	24	884	5151	Full	SinglePathFull
62	(24) 5151- (884)	24	884	5151	24	884	5151	Full	SinglePathFull
63	(712) 7593+ (1500) , (1688) 7591+ (2477)	712, 1688	1500, 2477	7593,7591	712	1500	7593	Different	SinglePathFull
64	(142) 2925+ (561)	142	561	2925	142	561	2925	Full	SinglePathFull
65	(24) 5151- (884)	24	884	5151	24	884	5151	Full	SinglePathFull
66	(5331) 4387+ (6485)	5331	6485	4387	5331	6485	4387	Full	SinglePathFull
67	(37) 5967+ (897)	37	897	5967	37	897	5967	Full	SinglePathFull
68	(37) 5967+ (897)	37	897	5967	37	897	5967	Full	SinglePathFull
69	(37) 5967+ (897)	37	897	5967	37	897	5967	Full	SinglePathFull
70	(37) 5967+ (897)	37	897	5967	37	897	5967	Full	SinglePathFull
71	(37) 5967+ (897)	37	897	5967	37	897	5967	Full	SinglePathFull
72	(37) 5967+ (897)	37	897	5967	37	897	5967	Full	SinglePathFull
73	(37) 5967+ (897)	37	897	5967	37	897	5967	Full	SinglePathFull
74	(37) 5967+ (897)	37	897	5967	37	897	5967	Full	SinglePathFull
75	(37) 5967+ (897)	37	897	5967	37	897	5967	Full	SinglePathFull
76	(37) 5967+ (897)	37	897	5967	37	897	5967	Full	SinglePathFull
77	(732) 7593+ (1500) , (1700) 7591+ (2477)	732, 1700	1500, 2477	7593,7591	732	1500	7593	Different	SinglePathFull
78	(24) 5151- (884)	24	884	5151	24	884	5151	Full	SinglePathFull
79	(24) 5151- (884)	24	884	5151	24	884	5151	Full	SinglePathFull
80	(24) 5151- (884)	24	884	5151	24	884	5151	Full	SinglePathFull
81	(37) 5967+ (897)	37	897	5967	37	897	5967	Full	SinglePathFull
82	(24) 5151- (860)	24	860	5151	24	860	5151	Full	SinglePathFull
83	(37) 5967+ (897)	37	897	5967	37	897	5967	Full	SinglePathFull
84	(1688) 7591+ (2477) , (712) 7593+ (1500)	1688, 712	2477, 1500	7591,7593	1688	2477	7591	Different	SinglePathFull
85	(37) 5967+ (897)	37	897	5967	37	897	5967	Full	SinglePathFull
86	(24) 5151- (854)	24	854	5151	24	854	5151	Full	SinglePathFull
87	(37) 5967+ (897)	37	897	5967	37	897	5967	Full	SinglePathFull
88	(24) 5151- (884)	24	884	5151	24	884	5151	Full	SinglePathFull
89	(24) 5151- (884)	24	884	5151	24	884	5151	Full	SinglePathFull
90	(32) 5151- (884)	32	884	5151	32	884	5151	Full	SinglePathFull
91	(24) 5151- (884)	24	884	5151	24	884	5151	Full	SinglePathFull
92	(24) 5151- (884)	24	884	5151	24	884	5151	Full	SinglePathFull
93	(24) 5151- (884)	24	884	5151	24	884	5151	Full	SinglePathFull
94	(24) 5151- (884)	24	884	5151	24	884	5151	Full	SinglePathFull
95	(24) 5151- (884)	24	884	5151	24	884	5151	Full	SinglePathFull
96	(24) 5151- (884)	24	884	5151	24	884	5151	Full	SinglePathFull
97	(24) 5151- (884)	24	884	5151	24	884	5151	Full	SinglePathFull
98	(24) 5151- (884)	24	884	5151	24	884	5151	Full	SinglePathFull
99	(24) 5151- (884)	24	884	5151	24	884	5151	Full	SinglePathFull
100	(26) 5151- (884)	26	884	5151	26	884	5151	Full	SinglePathFull
101	(37) 5967+ (897)	37	897	5967	37	897	5967	Full	SinglePathFull
102	(712) 7593+ (1500) , (1688) 7591+ (2464)	712, 1688	1500, 2464	7593,7591	712	1500	7593	Different	SinglePathFull
103	(37) 5967+ (897)	37	897	5967	37	897	5967	Full	SinglePathFull
104	(37) 5967+ (897)	37	897	5967	37	897	5967	Full	SinglePathFull
105	(37) 5967+ (897)	37	897	5967	37	897	5967	Full	SinglePathFull
106	(24) 5151- (884)	24	884	5151	24	884	5151	Full	SinglePathFull
107	(24) 5151- (884)	24	884	5151	24	884	5151	Full	SinglePathFull
108	(24) 5151- (884)	24	884	5151	24	884	5151	Full	SinglePathFull
109	(24) 5151- (884)	24	884	5151	24	884	5151	Full	SinglePathFull
110	(33708) 1107- (35627)	33708	35627	1107	33708	35627	1107	Full	SinglePathFull
111	(20664) 7505- (22307)	20664	22307	7505	20664	22307	7505	Full	SinglePathFull
112	(38506) 33403+ (39663)	38506	39663	33403	38506	39663	33403	Full	SinglePathFull
113	(37) 5967+ (897)	37	897	5967	37	897	5967	Full	SinglePathFull
114	(24) 5151- (884)	24	884	5151	24	884	5151	Full	SinglePathFull
115	(24) 5151- (884)	24	884	5151	24	884	5151	Full	SinglePathFull
116	(37) 5967+ (870)	37	870	5967	37	870	5967	Full	SinglePathFull
117	(37) 5967+ (897)	37	897	5967	37	897	5967	Full	SinglePathFull
118	(303) 15353- (1118)	303	1118	15353	303	1118	15353	Full	SinglePathFull
119	(24) 5151- (884)	24	884	5151	24	884	5151	Full	SinglePathFull
120	(24) 5151- (884)	24	884	5151	24	884	5151	Full	SinglePathFull
121	(37) 5967+ (897)	37	897	5967	37	897	5967	Full	SinglePathFull
122	(24) 5151- (884)	24	884	5151	24	884	5151	Full	SinglePathFull
123	(37) 5967+ (897)	37	897	5967	37	897	5967	Full	SinglePathFull
124	(37) 5967+ (897)	37	897	5967	37	897	5967	Full	SinglePathFull
125	(37) 5967+ (897)	37	897	5967	37	897	5967	Full	SinglePathFull
126	(73) 5967+ (836)	73	836	5967	0	0	0	Different	Different
127	(73) 5967+ (857)	73	857	5967	0	0	0	Different	Different
128	(73) 5967+ (857)	73	857	5967	0	0	0	Different	Different
129	(93) 7593+ (642)	93	642	7593	93	642	7593	Full	SinglePathFull
130	(1688) 7591+ (2477) , (712) 7593+ (1500)	1688, 712	2477, 1500	7591,7593	1688	2477	7591	Different	SinglePathFull
131	(712) 7593+ (1500) , (1688) 7591+ (2477)	712, 1688	1500, 2477	7593,7591	712	1500	7593	Different	SinglePathFull
132	(24) 5151- (884)	24	884	5151	24	884	5151	Full	SinglePathFull
133	(24) 5151- (884)	24	884	5151	24	884	5151	Full	SinglePathFull
134	(37) 5967+ (897)	37	897	5967	37	897	5967	Full	SinglePathFull
135	(24) 5151- (884)	24	884	5151	24	884	5151	Full	SinglePathFull
136	(24) 5151- (884)	24	884	5151	24	884	5151	Full	SinglePathFull
137	(37) 5967+ (897)	37	897	5967	37	897	5967	Full	SinglePathFull
138	(24) 5151- (884)	24	884	5151	24	884	5151	Full	SinglePathFull
139	(24) 5151- (884)	24	884	5151	24	884	5151	Full	SinglePathFull
140	(24) 5151- (884)	24	884	5151	24	884	5151	Full	SinglePathFull
141	(37) 5967+ (897)	37	897	5967	37	897	5967	Full	SinglePathFull
142	(37) 5967+ (897)	37	897	5967	37	897	5967	Full	SinglePathFull
143	(37) 5967+ (897)	37	897	5967	37	897	5967	Full	SinglePathFull
144	(37) 5967+ (897)	37	897	5967	37	897	5967	Full	SinglePathFull
145	(37) 5967+ (897)	37	897	5967	37	897	5967	Full	SinglePathFull
146	(37) 5967+ (897)	37	897	5967	37	897	5967	Full	SinglePathFull
147	(37) 5967+ (897)	37	897	5967	37	897	5967	Full	SinglePathFull
148	(37) 5967+ (897)	37	897	5967	37	897	5967	Full	SinglePathFull
149	(24) 5151- (884)	24	884	5151	24	884	5151	Full	SinglePathFull
150	(37) 5967+ (897)	37	897	5967	37	897	5967	Full	SinglePathFull
151	(37) 5967+ (897)	37	897	5967	37	897	5967	Full	SinglePathFull
152	(37) 5967+ (897)	37	897	5967	37	897	5967	Full	SinglePathFull
153	(37) 5967+ (897)	37	897	5967	37	897	5967	Full	SinglePathFull
154	(44) 5151- (772)	44	772	5151	0	0	0	Different	Different
155	(37) 5967+ (897)	37	897	5967	37	897	5967	Full	SinglePathFull
156	(37) 5967+ (897)	37	897	5967	37	897	5967	Full	SinglePathFull
157	(37) 5967+ (897)	37	897	5967	37	897	5967	Full	SinglePathFull
158	(88) 7593+ (642)	88	642	7593	88	642	7593	Full	SinglePathFull
159	(24) 5151- (884)	24	884	5151	24	884	5151	Full	SinglePathFull
160	(24) 5151- (884)	24	884	5151	24	884	5151	Full	SinglePathFull
161	(37) 5967+ (897)	37	897	5967	37	897	5967	Full	SinglePathFull
162	(37) 5967+ (897)	37	897	5967	37	897	5967	Full	SinglePathFull
163	(37) 5967+ (897)	37	897	5967	37	897	5967	Full	SinglePathFull
164	(37) 5967+ (897)	37	897	5967	37	897	5967	Full	SinglePathFull
165	(5627) 32799- (5998)	5627	5998	32799	5627	5998	32799	Full	SinglePathFull
166	(76) 2645-, 22251- (57) , (76) 2645-, 23479+ (55)	76, 76	57, 55	2645, 22251,2645, 23479	76	891	264522251	Different	Different
167	(3870) 32799- (5627)	3870	5627	32799	3870	5627	32799	Full	SinglePathFull
168	(1688) 7591+ (2477) , (712) 7593+ (1500)	1688, 712	2477, 1500	7591,7593	1688	2477	7591	Different	SinglePathFull
169	(209) 77- (868)	209	868	77	209	868	77	Full	SinglePathFull
170	(24) 5151- (884)	24	884	5151	24	884	5151	Full	SinglePathFull
171	(37) 5967+ (897)	37	897	5967	37	897	5967	Full	SinglePathFull
172	(37) 5967+ (897)	37	897	5967	37	897	5967	Full	SinglePathFull
173	(37) 5967+ (897)	37	897	5967	37	897	5967	Full	SinglePathFull
174	(37) 5967+ (897)	37	897	5967	37	897	5967	Full	SinglePathFull
175	(24) 5151- (884)	24	884	5151	24	884	5151	Full	SinglePathFull
176	(24) 5151- (884)	24	884	5151	24	884	5151	Full	SinglePathFull
177	(24) 5151- (884)	24	884	5151	24	884	5151	Full	SinglePathFull
178	(24) 5151- (884)	24	884	5151	24	884	5151	Full	SinglePathFull
179	(24) 5151- (884)	24	884	5151	24	884	5151	Full	SinglePathFull
180	(24) 5151- (884)	24	884	5151	24	884	5151	Full	SinglePathFull
181	(37) 5967+ (897)	37	897	5967	37	897	5967	Full	SinglePathFull
182	(37) 5967+ (897)	37	897	5967	37	897	5967	Full	SinglePathFull
183	(56) 7593+ (642)	56	642	7593	56	642	7593	Full	SinglePathFull
184	(24) 5151- (884)	24	884	5151	24	884	5151	Full	SinglePathFull
185	(24) 5151- (884)	24	884	5151	24	884	5151	Full	SinglePathFull
186	(37) 5967+ (897)	37	897	5967	37	897	5967	Full	SinglePathFull
187	(37) 5967+ (897)	37	897	5967	37	897	5967	Full	SinglePathFull
188	(712) 7593+ (1498) , (1688) 7591+ (2479)	712, 1688	1498, 2479	7593,7591	712	1498	7593	Different	SinglePathFull
189	(732) 7593+ (1500) , (1700) 7591+ (2477)	732, 1700	1500, 2477	7593,7591	732	1500	7593	Different	SinglePathFull
190	(37) 5967+ (897)	37	897	5967	37	897	5967	Full	SinglePathFull
191	(37) 5967+ (897)	37	897	5967	37	897	5967	Full	SinglePathFull
192	(37) 5967+ (897)	37	897	5967	37	897	5967	Full	SinglePathFull
193	(24) 5151- (884)	24	884	5151	24	884	5151	Full	SinglePathFull
194	(37) 5967+ (897)	37	897	5967	37	897	5967	Full	SinglePathFull
195	(37) 5967+ (897)	37	897	5967	37	897	5967	Full	SinglePathFull
196	(37) 5967+ (897)	37	897	5967	37	897	5967	Full	SinglePathFull
197	(24) 5151- (884)	24	884	5151	24	884	5151	Full	SinglePathFull
198	(24) 5151- (884)	24	884	5151	24	884	5151	Full	SinglePathFull
199	(24) 5151- (884)	24	884	5151	24	884	5151	Full	SinglePathFull
200	(24) 5151- (884)	24	884	5151	24	884	5151	Full	SinglePathFull
201	(24) 5151- (884)	24	884	5151	24	884	5151	Full	SinglePathFull
202	(37) 5967+ (897)	37	897	5967	37	897	5967	Full	SinglePathFull
203	(37) 5967+ (897)	37	897	5967	37	897	5967	Full	SinglePathFull
204	(24) 5151- (884)	24	884	5151	24	884	5151	Full	SinglePathFull
205	(24) 5151- (884)	24	884	5151	24	884	5151	Full	SinglePathFull
206	(124) 7593+ (642)	124	642	7593	124	642	7593	Full	SinglePathFull
207	(24) 5151- (884)	24	884	5151	24	884	5151	Full	SinglePathFull
208	(37) 5967+ (897)	37	897	5967	37	897	5967	Full	SinglePathFull
209	(25) 5151- (884)	25	884	5151	25	884	5151	Full	SinglePathFull
210	(24) 5151- (884)	24	884	5151	24	884	5151	Full	SinglePathFull
211	(24) 5151- (884)	24	884	5151	24	884	5151	Full	SinglePathFull
212	(24) 5151- (884)	24	884	5151	24	884	5151	Full	SinglePathFull
213	(37) 5967+ (897)	37	897	5967	37	897	5967	Full	SinglePathFull
214	(24) 5151- (884)	24	884	5151	24	884	5151	Full	SinglePathFull
215	(37) 5967+ (897)	37	897	5967	37	897	5967	Full	SinglePathFull
216	(37) 5967+ (897)	37	897	5967	37	897	5967	Full	SinglePathFull
217	(1688) 7591+ (2479) , (712) 7593+ (1498)	1688, 712	2479, 1498	7591,7593	712	1498	7593	Different	SinglePathMatch
218	(37) 5967+ (897)	37	897	5967	37	897	5967	Full	SinglePathFull
219	(1688) 7591+ (2479) , (712) 7593+ (1498)	1688, 712	2479, 1498	7591,7593	1688	2479	7591	Different	SinglePathFull
220	(124) 7593+ (642)	124	642	7593	124	642	7593	Full	SinglePathFull
221	(24) 5151- (884)	24	884	5151	24	884	5151	Full	SinglePathFull
222	(37) 5967+ (897)	37	897	5967	37	897	5967	Full	SinglePathFull
223	(88) 7593+ (642)	88	642	7593	88	642	7593	Full	SinglePathFull
224	(37) 5967+ (894)	37	894	5967	37	894	5967	Full	SinglePathFull
225	(37) 5967+ (897)	37	897	5967	37	897	5967	Full	SinglePathFull
226	(10685) 27823+ (11983)	10685	11983	27823	10685	11989	27823	MatchOnPath	SinglePathStartMatch
227	(37) 5967+ (897)	37	897	5967	37	897	5967	Full	SinglePathFull
228	(15310) 655+ (17034)	15310	17034	655	15310	17034	655	Full	SinglePathFull
229	(15102) 33285- (16757)	15102	16757	33285	15102	16757	33285	Full	SinglePathFull
230	(9173) 2227- (10297) , (11591) 2851- (12680)	9173, 11591	10297, 12680	2227,2851	9173	10297	2227	Different	SinglePathFull
231	(37) 5967+ (897)	37	897	5967	37	897	5967	Full	SinglePathFull
232	(37) 5967+ (897)	37	897	5967	37	897	5967	Full	SinglePathFull
233	(37) 5967+ (897)	37	897	5967	37	897	5967	Full	SinglePathFull
234	(24) 5151- (836)	24	836	5151	24	836	5151	Full	SinglePathFull
235	(24) 5151- (836)	24	836	5151	24	836	5151	Full	SinglePathFull
236	(24) 5151- (836)	24	836	5151	24	836	5151	Full	SinglePathFull
237	(24) 5151- (836)	24	836	5151	24	836	5151	Full	SinglePathFull
238	(24) 5151- (836)	24	836	5151	24	836	5151	Full	SinglePathFull
239	(196) 117- (957)	196	957	117	196	957	117	Full	SinglePathFull
240	(37) 5967+ (897)	37	897	5967	37	897	5967	Full	SinglePathFull
241	(37) 5967+ (897)	37	897	5967	37	897	5967	Full	SinglePathFull
242	(455) 20533- (1894)	455	1894	20533	455	1894	20533	Full	SinglePathFull
243	(24) 5151- (884)	24	884	5151	24	884	5151	Full	SinglePathFull
244	(24) 5151- (884)	24	884	5151	24	884	5151	Full	SinglePathFull
245	(24) 5151- (884)	24	884	5151	24	884	5151	Full	SinglePathFull
246	(37) 5967+ (897)	37	897	5967	37	897	5967	Full	SinglePathFull
247	(24) 5151- (884)	24	884	5151	24	884	5151	Full	SinglePathFull
248	(37) 5967+ (893)	37	893	5967	37	893	5967	Full	SinglePathFull
249	(24) 5151- (884)	24	884	5151	24	884	5151	Full	SinglePathFull
250	(24) 5151- (884)	24	884	5151	24	884	5151	Full	SinglePathFull
251	(24) 5151- (884)	24	884	5151	24	884	5151	Full	SinglePathFull
252	(37) 5967+ (897)	37	897	5967	37	897	5967	Full	SinglePathFull
253	(37) 5967+ (897)	37	897	5967	37	897	5967	Full	SinglePathFull
254	(24) 5151- (884)	24	884	5151	24	884	5151	Full	SinglePathFull
255	(24) 5151- (884)	24	884	5151	24	884	5151	Full	SinglePathFull
256	(24) 5151- (884)	24	884	5151	24	884	5151	Full	SinglePathFull
257	(24) 5151- (884)	24	884	5151	24	884	5151	Full	SinglePathFull
258	(37) 5967+ (897)	37	897	5967	37	897	5967	Full	SinglePathFull
259	(24) 5151- (884)	24	884	5151	24	884	5151	Full	SinglePathFull
260	(37) 5967+ (897)	37	897	5967	37	897	5967	Full	SinglePathFull
261	(24) 5151- (884)	24	884	5151	24	884	5151	Full	SinglePathFull
262	(67) 5967+ (819)	67	819	5967	67	819	5967	Full	SinglePathFull
263	(391) 28541+ (1230)	391	1230	28541	391	1230	28541	Full	SinglePathFull
264	(26) 5151- (884)	26	884	5151	26	884	5151	Full	SinglePathFull
265	(37) 5967+ (897)	37	897	5967	37	897	5967	Full	SinglePathFull
266	(37) 5967+ (897)	37	897	5967	37	897	5967	Full	SinglePathFull
267	(37) 5967+ (897)	37	897	5967	37	897	5967	Full	SinglePathFull
268	(37) 5967+ (897)	37	897	5967	37	897	5967	Full	SinglePathFull
269	(37) 5967+ (897)	37	897	5967	37	897	5967	Full	SinglePathFull
270	(37) 5967+ (897)	37	897	5967	37	897	5967	Full	SinglePathFull
271	(37) 5967+ (897)	37	897	5967	37	897	5967	Full	SinglePathFull
272	(24) 5151- (884)	24	884	5151	24	884	5151	Full	SinglePathFull
273	(37) 5967+ (897)	37	897	5967	37	897	5967	Full	SinglePathFull
274	(24) 5151- (884)	24	884	5151	24	884	5151	Full	SinglePathFull
275	(24) 5151- (884)	24	884	5151	24	884	5151	Full	SinglePathFull
276	(88) 7593+ (642)	88	642	7593	88	642	7593	Full	SinglePathFull
277	(24) 5151- (884)	24	884	5151	24	884	5151	Full	SinglePathFull
278	(24) 5151- (884)	24	884	5151	24	884	5151	Full	SinglePathFull
279	(37) 5967+ (897)	37	897	5967	37	897	5967	Full	SinglePathFull
280	(45) 5967+ (897)	45	897	5967	0	0	0	Different	Different
281	(24) 5151- (881)	24	881	5151	24	881	5151	Full	SinglePathFull
282	(24) 5151- (879)	24	879	5151	24	879	5151	Full	SinglePathFull
283	(24) 5151- (881)	24	881	5151	24	881	5151	Full	SinglePathFull
284	(24) 5151- (881)	24	881	5151	24	881	5151	Full	SinglePathFull
285	(24) 5151- (881)	24	881	5151	24	881	5151	Full	SinglePathFull
286	(24) 5151- (881)	24	881	5151	24	881	5151	Full	SinglePathFull
287	(24) 5151- (881)	24	881	5151	24	881	5151	Full	SinglePathFull
288	(24) 5151- (881)	24	881	5151	24	881	5151	Full	SinglePathFull
289	(24) 5151- (879)	24	879	5151	24	879	5151	Full	SinglePathFull
290	(24) 5151- (884)	24	884	5151	24	884	5151	Full	SinglePathFull
291	(24) 5151- (884)	24	884	5151	24	884	5151	Full	SinglePathFull
292	(24) 5151- (881)	24	881	5151	24	881	5151	Full	SinglePathFull
293	(24) 5151- (881)	24	881	5151	24	881	5151	Full	SinglePathFull
294	(24) 5151- (884)	24	884	5151	24	884	5151	Full	SinglePathFull
295	(24) 5151- (884)	24	884	5151	24	884	5151	Full	SinglePathFull
296	(24) 5151- (881)	24	881	5151	24	881	5151	Full	SinglePathFull
297	(24) 5151- (879)	24	879	5151	24	879	5151	Full	SinglePathFull
298	(24) 5151- (881)	24	881	5151	24	881	5151	Full	SinglePathFull
299	(24) 5151- (884)	24	884	5151	24	884	5151	Full	SinglePathFull
300	(37) 5967+ (897)	37	897	5967	37	897	5967	Full	SinglePathFull
301	(24) 5151- (884)	24	884	5151	24	884	5151	Full	SinglePathFull
302	(37) 5967+ (897)	37	897	5967	37	897	5967	Full	SinglePathFull
303	(7594) 32799+ (9600)	7594	9600	32799	7594	9600	32799	Full	SinglePathFull
304	(37) 5967+ (897)	37	897	5967	37	897	5967	Full	SinglePathFull
305	(37) 5967+ (897)	37	897	5967	37	897	5967	Full	SinglePathFull
306	(37) 5967+ (897)	37	897	5967	37	897	5967	Full	SinglePathFull
307	(37) 5967+ (897)	37	897	5967	37	897	5967	Full	SinglePathFull
308	(37) 5967+ (894)	37	894	5967	37	894	5967	Full	SinglePathFull
309	(37) 5967+ (897)	37	897	5967	37	897	5967	Full	SinglePathFull
310	(24) 5151- (884)	24	884	5151	24	884	5151	Full	SinglePathFull
311	(24) 5151- (884)	24	884	5151	24	884	5151	Full	SinglePathFull
312	(37) 5967+ (897)	37	897	5967	37	897	5967	Full	SinglePathFull
313	(37) 5967+ (894)	37	894	5967	37	894	5967	Full	SinglePathFull
314	(24) 5151- (884)	24	884	5151	24	884	5151	Full	SinglePathFull
315	(24) 5151- (884)	24	884	5151	24	884	5151	Full	SinglePathFull
316	(73) 27465+ (546)	73	546	27465	73	546	27465	Full	SinglePathFull
317	(37) 5967+ (897)	37	897	5967	37	897	5967	Full	SinglePathFull
318	(24) 5151- (884)	24	884	5151	24	884	5151	Full	SinglePathFull
319	(37) 5967+ (897)	37	897	5967	37	897	5967	Full	SinglePathFull
320	(24) 5151- (884)	24	884	5151	24	884	5151	Full	SinglePathFull
321	(24) 5151- (884)	24	884	5151	24	884	5151	Full	SinglePathFull
322	(37) 5967+ (897)	37	897	5967	37	897	5967	Full	SinglePathFull
323	(24) 5151- (884)	24	884	5151	24	884	5151	Full	SinglePathFull
324	(24) 5151- (884)	24	884	5151	24	884	5151	Full	SinglePathFull
325	(37) 5967+ (897)	37	897	5967	37	897	5967	Full	SinglePathFull
326	(37) 5967+ (897)	37	897	5967	37	897	5967	Full	SinglePathFull
327	(24) 5151- (884)	24	884	5151	24	884	5151	Full	SinglePathFull
328	(13889) 1851- (14308)	13889	14308	1851	13889	14308	1851	Full	SinglePathFull
329	(13889) 1851- (14308)	13889	14308	1851	13889	14308	1851	Full	SinglePathFull
330	(24) 5151- (884)	24	884	5151	24	884	5151	Full	SinglePathFull
331	(37) 5967+ (897)	37	897	5967	37	897	5967	Full	SinglePathFull
332	(37) 5967+ (897)	37	897	5967	37	897	5967	Full	SinglePathFull
333	(18) 5151- (884)	18	884	5151	18	884	5151	Full	SinglePathFull
334	(18) 5151- (884)	18	884	5151	18	884	5151	Full	SinglePathFull
335	(24) 5151- (884)	24	884	5151	24	884	5151	Full	SinglePathFull
336	(1560) 7593+ (2384)	1560	2384	7593	1560	2384	7593	Full	SinglePathFull
337	(37) 5967+ (897)	37	897	5967	37	897	5967	Full	SinglePathFull
338	(367) 5965+, 5967+ (997)	367	997	5965, 5967	0	0	0	Different	Different
339	(37) 5967+ (897)	37	897	5967	37	897	5967	Full	SinglePathFull
340	(24) 5151- (884)	24	884	5151	24	884	5151	Full	SinglePathFull
341	(6668) 7845+ (7487)	6668	7487	7845	6668	7487	7845	Full	SinglePathFull
342	(13481) 4579+ (14614)	13481	14614	4579	13481	14614	4579	Full	SinglePathFull
343	(19427) 7827+ (20104)	19427	20104	7827	19427	20104	7827	Full	SinglePathFull
344	(23377) 3167- (24345)	23377	24345	3167	23377	24345	3167	Full	SinglePathFull
345	(1620) 3493- (2786)	1620	2786	3493	1620	2786	3493	Full	SinglePathFull
346	(24) 5151- (884)	24	884	5151	24	884	5151	Full	SinglePathFull
347	(37) 5967+ (897)	37	897	5967	37	897	5967	Full	SinglePathFull
348	(37) 5967+ (897)	37	897	5967	37	897	5967	Full	SinglePathFull
349	(56) 7593+ (642)	56	642	7593	56	642	7593	Full	SinglePathFull
350	(24) 5151- (884)	24	884	5151	24	884	5151	Full	SinglePathFull
351	(37) 5967+ (897)	37	897	5967	37	897	5967	Full	SinglePathFull
352	(209) 77- (868)	209	868	77	209	868	77	Full	SinglePathFull
353	(3649) 499+ (4431)	3649	4431	499	3649	4431	499	Full	SinglePathFull
354	(1427) 499- (2158)	1427	2158	499	1427	2158	499	Full	SinglePathFull
355	(720) 173+ (1361)	720	1361	173	720	1361	173	Full	SinglePathFull
356	(37) 5967+ (897)	37	897	5967	37	897	5967	Full	SinglePathFull
357	(24) 5151- (884)	24	884	5151	24	884	5151	Full	SinglePathFull
358	(37) 5967+ (897)	37	897	5967	37	897	5967	Full	SinglePathFull
359	(37) 5967+ (897)	37	897	5967	37	897	5967	Full	SinglePathFull
360	(37) 5967+ (897)	37	897	5967	37	897	5967	Full	SinglePathFull
361	(37) 5967+ (897)	37	897	5967	37	897	5967	Full	SinglePathFull
362	(37) 5967+ (897)	37	897	5967	37	897	5967	Full	SinglePathFull
363	(37) 5967+ (897)	37	897	5967	37	897	5967	Full	SinglePathFull
364	(37) 5967+ (897)	37	897	5967	37	897	5967	Full	SinglePathFull
365	(46) 5967+ (888)	46	888	5967	46	888	5967	Full	SinglePathFull
366	(24) 5151- (884)	24	884	5151	24	884	5151	Full	SinglePathFull
367	(24) 5151- (884)	24	884	5151	24	884	5151	Full	SinglePathFull
368	(37) 5967+ (897)	37	897	5967	37	897	5967	Full	SinglePathFull
369	(37) 5967+ (897)	37	897	5967	37	897	5967	Full	SinglePathFull
370	(37) 5967+ (897)	37	897	5967	37	897	5967	Full	SinglePathFull
371	(54) 5151- (833)	54	833	5151	54	833	5151	Full	SinglePathFull
372	(37) 5967+ (897)	37	897	5967	37	897	5967	Full	SinglePathFull
373	(37) 5967+ (897)	37	897	5967	37	897	5967	Full	SinglePathFull
374	(37) 5967+ (894)	37	894	5967	37	894	5967	Full	SinglePathFull
375	(37) 5967+ (894)	37	894	5967	37	894	5967	Full	SinglePathFull
376	(37) 5967+ (894)	37	894	5967	37	894	5967	Full	SinglePathFull
377	(37) 5967+ (894)	37	894	5967	37	894	5967	Full	SinglePathFull
