	Query	Path_Bandage	Start_Bandage	End_Bandage	Extracted_Path	Start_SPAligner	End_SPAligner	Path_SPAligner	BandageVSSPAligner	ResultsBandageVSSPAligner	FinalResultBandageVSSPAligner
0	gb|AB113580|+|1329-2193|ARO:3002332|GES-3	(93) 32422725-, 5613425+ (32) , (93) 32422725-, 32146774- (32)	93, 93	32, 32	32422725, 5613425,32422725, 32146774	94	901	864	Different	Different	Different
1	gb|AB114632|+|655-1453|ARO:3002607|aadA7	(61) 26862905- (858) , (22) 3906318-	61, 22	858, 3906318	26862905,3906318	62	803	798	Different	Different	Different
2	gb|AB116260|+|1329-2193|ARO:3002333|GES-4	(93) 32422725-, 5613425+ (32) , (93) 32422725-, 32146774- (32)	93, 93	32, 32	32422725, 5613425,32422725, 32146774	94	901	864	Different	Different	Different
3	gb|AB211124|+|0-525|ARO:3002895|SAT-1	(64) 81232484- (588)	64	588	81232484	65	533	525	Different	Different	Different
4	gb|AB571865.1|-|143423-144308|ARO:3003742|mphG	(353) 50056+, 2638631+, 6283287+, 5689755- (176) , (353) 50056+, 2638631+, 6283287+, 6283289+ (176) , (171) 50069+, 27413572-, 2638631+, 6283287+, 5689755- (176) , (171) 50069+, 27413572-, 2638631+, 6283287+, 6283289+ (176) , (171) 50069+, 573396+, 6283287+, 5689755- (176) , (171) 50069+, 573396+, 6283287+, 6283289+ (176)	353, 353, 171, 171, 171, 171	176, 176, 176, 176, 176, 176	50056, 2638631, 6283287, 5689755,50056, 2638631, 6283287, 6283289,50069, 27413572, 2638631, 6283287, 5689755,50069, 27413572, 2638631, 6283287, 6283289,50069, 573396, 6283287, 5689755,50069, 573396, 6283287, 6283289	354	884	885	Different	Different	Different
5	gb|AB901141|+|0-864|ARO:3002353|GES-24	(93) 32422725-, 5613425+ (32) , (93) 32422725-, 32146774- (32)	93, 93	32, 32	32422725, 5613425,32422725, 32146774	94	901	864	Different	Different	Different
6	gb|AF024602|+|3155-3992|ARO:3002660|APH(6)-Id	(842) 595376- (1678)	842	1678	595376	843	1623	837	Different	Different	Different
7	gb|AF028812|+|392-887|ARO:3002867|dfrF	(389) 5685926- (883)	389	883	5685926	390	828	495	Different	Different	Different
8	gb|AF043381|+|251-863|ARO:3002580|AAC(6')-Ib9	(77) 36782492-, 3274129-, 60915537-, 2728545- (580) , (49) 25779977-, 60915537-, 2728545- (580) , (14) 24065316+, 3274129-, 60915537-, 2728545- (580)	77, 49, 14	580, 580, 580	36782492, 3274129, 60915537, 2728545,25779977, 60915537, 2728545,24065316, 3274129, 60915537, 2728545	2	525	612	Different	Different	Different
9	gb|AF043381|+|943-1744|ARO:3001414|OXA-19	(72) 32592258-, 758212-, 74766869- (55) , (72) 32592258-, 758212-, 32575361- (55) , (72) 32592252-, 26012357-, 758212-, 74766869- (55) , (72) 32592252-, 26012357-, 758212-, 32575361- (55) , (23) 31339125-, 26012357-, 758212-, 74766869- (55) , (23) 31339125-, 26012357-, 758212-, 32575361- (55)	72, 72, 72, 72, 23, 23	55, 55, 55, 55, 55, 55	32592258, 758212, 74766869,32592258, 758212, 32575361,32592252, 26012357, 758212, 74766869,32592252, 26012357, 758212, 32575361,31339125, 26012357, 758212, 74766869,31339125, 26012357, 758212, 32575361	2	626	801	Different	Different	Different
10	gb|AF047479|+|1295-2087|ARO:3002603|aadA3	(13) 5638634-, 23556688-, 66940499-, 66940495+, 3661600-, 385047+ (435) , (13) 5638634-, 23556688-, 66940499-, 66940495+, 8153423-, 31582859- (287) , (86) 24798140+, 5638634-, 23556688-, 66940499-, 81873962+, 31582859- (287) , (120) 25425969-, 5638634-, 23556688-, 66940499-, 81873962+, 31582859- (287) , (932) 31770840-, 66940499-, 66940495+, 3661600-, 385047+ (435) , (932) 31770840-, 66940499-, 81873962+, 31582859- (287) , (11) 31689609+, 31674241+, 385047+ (435) , (120) 25425969-, 5638634-, 31689607+, 31674241+, 385047+ (435) , (86) 24798140+, 5638634-, 31689607+, 31674241+, 385047+ (435) , (932) 31770840-, 66940499-, 66940495+, 8153423-, 31582859- (287) , (81) 26862905- (794)	13, 13, 86, 120, 932, 932, 11, 120, 86, 932, 81	435, 287, 287, 287, 435, 287, 435, 435, 435, 287, 794	5638634, 23556688, 66940499, 66940495, 3661600, 385047,5638634, 23556688, 66940499, 66940495, 8153423, 31582859,24798140, 5638634, 23556688, 66940499, 81873962, 31582859,25425969, 5638634, 23556688, 66940499, 81873962, 31582859,31770840, 66940499, 66940495, 3661600, 385047,31770840, 66940499, 81873962, 31582859,31689609, 31674241, 385047,25425969, 5638634, 31689607, 31674241, 385047,24798140, 5638634, 31689607, 31674241, 385047,31770840, 66940499, 66940495, 8153423, 31582859,26862905	2	223	792	Different	Different	Different
11	gb|AF078527|+|3769-4303|ARO:3000230|ANT(2'')-Ia	(66) 8148926- (599)	66	599	8148926	67	544	534	Different	Different	Different
12	gb|AF099140|+|136-1363|ARO:3002826|EreA2	(128) 31482731+	128	31482731	31482731	129	1290	1227	Different	Different	Different
13	gb|AF118110.1|-|71-1037|ARO:3003002|CfxA2	(142) 5661688+ (1107) , (4) 280008- (963)	142, 4	1107, 963	5661688,280008	143	1052	966	Different	Different	Different
14	gb|AF135373|+|11-908|ARO:3002244|CARB-5	(146) 267426-, 63777837- (82) , (146) 267426-, 5625755+ (82)	146, 146	82, 82	267426, 63777837,267426, 5625755	151	960	897	Different	Different	Different
15	gb|AF137361|+|63-852|ARO:3002605|aadA5	(57) 1370533+, 83520186+ (53) , (57) 1370533+, 31391622- (53)	57, 57	53, 53	1370533, 83520186,1370533, 31391622	58	790	789	Different	Different	Different
16	gb|AF156486|+|1331-2195|ARO:3002330|GES-1	(93) 32422725-, 5613425+ (32) , (93) 32422725-, 32146774- (32)	93, 93	32, 32	32422725, 5613425,32422725, 32146774	94	901	864	Different	Different	Different
17	gb|AF156486|+|5012-5792|ARO:3002602|aadA2	(25) 5638634-, 23556688-, 66940499-, 66940495+, 3661600-, 385047+ (433) , (25) 5638634-, 23556688-, 66940499-, 66940495+, 8153423-, 31582859- (276) , (98) 24798140+, 5638634-, 23556688-, 66940499-, 81873962+, 31582859- (276) , (132) 25425969-, 5638634-, 23556688-, 66940499-, 81873962+, 31582859- (276) , (932) 31770840-, 66940499-, 81873962+, 31582859- (276) , (932) 31770840-, 66940499-, 66940495+, 3661600-, 385047+ (433) , (31) 31689609+, 31674241+, 385047+ (433) , (132) 25425969-, 5638634-, 31689607+, 31674241+, 385047+ (433) , (98) 24798140+, 5638634-, 31689607+, 31674241+, 385047+ (433) , (932) 31770840-, 66940499-, 66940495+, 8153423-, 31582859- (276) , (81) 26862905- (794)	25, 25, 98, 132, 932, 932, 31, 132, 98, 932, 81	433, 276, 276, 276, 276, 433, 433, 433, 433, 276, 794	5638634, 23556688, 66940499, 66940495, 3661600, 385047,5638634, 23556688, 66940499, 66940495, 8153423, 31582859,24798140, 5638634, 23556688, 66940499, 81873962, 31582859,25425969, 5638634, 23556688, 66940499, 81873962, 31582859,31770840, 66940499, 81873962, 31582859,31770840, 66940499, 66940495, 3661600, 385047,31689609, 31674241, 385047,25425969, 5638634, 31689607, 31674241, 385047,24798140, 5638634, 31689607, 31674241, 385047,31770840, 66940499, 66940495, 8153423, 31582859,26862905	2	223	780	Different	Different	Different
18	gb|AF162771|+|61-643|ARO:3002596|AAC(6')-IIc	(90) 567692+ (671)	90	671	567692	91	616	582	Different	Different	Different
19	gb|AF205943|+|7511-8312|ARO:3001405|OXA-10	(72) 32592252-, 26012357-, 758212-, 74766869-, 32267955- (52) , (23) 31339125-, 26012357-, 758212-, 74766869-, 32267955- (52) , (23) 31339125-, 26012357-, 758212-, 32575361- (55) , (72) 32592252-, 26012357-, 758212-, 32575361- (55) , (23) 31339125-, 26012357-, 758212-, 74766869-, 27276706- (52) , (72) 32592252-, 26012357-, 758212-, 74766869-, 27276706- (52) , (72) 32592258-, 758212-, 74766869-, 27276706- (52) , (72) 32592258-, 758212-, 74766869-, 32267955- (52) , (72) 32592258-, 758212-, 32575361- (55)	72, 23, 23, 72, 23, 72, 72, 72, 72	52, 52, 55, 55, 52, 52, 52, 52, 55	32592252, 26012357, 758212, 74766869, 32267955,31339125, 26012357, 758212, 74766869, 32267955,31339125, 26012357, 758212, 32575361,32592252, 26012357, 758212, 32575361,31339125, 26012357, 758212, 74766869, 27276706,32592252, 26012357, 758212, 74766869, 27276706,32592258, 758212, 74766869, 27276706,32592258, 758212, 74766869, 32267955,32592258, 758212, 32575361	2	626	801	Different	Different	Different
20	gb|AF231133|+|1345-2146|ARO:3001423|OXA-28	(72) 32592258-, 758212-, 74766869- (55) , (72) 32592258-, 758212-, 32575361- (55) , (72) 32592252-, 26012357-, 758212-, 74766869- (55) , (72) 32592252-, 26012357-, 758212-, 32575361- (55) , (23) 31339125-, 26012357-, 758212-, 74766869- (55) , (23) 31339125-, 26012357-, 758212-, 32575361- (55)	72, 72, 72, 72, 23, 23	55, 55, 55, 55, 55, 55	32592258, 758212, 74766869,32592258, 758212, 32575361,32592252, 26012357, 758212, 74766869,32592252, 26012357, 758212, 32575361,31339125, 26012357, 758212, 74766869,31339125, 26012357, 758212, 32575361	2	626	801	Different	Different	Different
21	gb|AF294653|+|753-1584|ARO:3001425|OXA-31	(41) 1736030- (871)	41	871	1736030	42	816	831	Different	Different	Different
22	gb|AF300985|+|0-739|ARO:3001430|OXA-36	(104) 32571183-, 5674312+ (101) , (104) 32571183-, 24348369+ (101)	104, 104	101, 101	32571183, 5674312,32571183, 24348369	105	740	738	Different	Different	Different
23	gb|AF313472|+|15593-16397|ARO:3002639|APH(3'')-Ib	(39) 595376- (842)	39	842	595376	40	787	804	Different	Different	Different
24	gb|AF315351|+|672-1500|ARO:3001426|OXA-32	(71) 32571183-, 5674312+ (158) , (71) 32571183-, 24348369+ (158)	71, 71	158, 158	32571183, 5674312,32571183, 24348369	72	740	828	Different	Different	Different
25	gb|AF315786|+|1313-2114|ARO:3001429|OXA-35	(72) 32592258-, 758212-, 74766869- (55) , (72) 32592258-, 758212-, 32575361- (55) , (72) 32592252-, 26012357-, 758212-, 74766869- (55) , (72) 32592252-, 26012357-, 758212-, 32575361- (55) , (23) 31339125-, 26012357-, 758212-, 74766869- (55) , (23) 31339125-, 26012357-, 758212-, 32575361- (55)	72, 72, 72, 72, 23, 23	55, 55, 55, 55, 55, 55	32592258, 758212, 74766869,32592258, 758212, 32575361,32592252, 26012357, 758212, 74766869,32592252, 26012357, 758212, 32575361,31339125, 26012357, 758212, 74766869,31339125, 26012357, 758212, 32575361	2	626	801	Different	Different	Different
26	gb|AF326355|+|0-864|ARO:3002331|GES-2	(93) 32422725-, 5613425+ (32) , (93) 32422725-, 32146774- (32)	93, 93	32, 32	32422725, 5613425,32422725, 32146774	94	901	864	Different	Different	Different
27	gb|AF329699|+|372-1236|ARO:3002337|GES-8	(93) 32422725-, 5613425+ (32) , (93) 32422725-, 32146774- (32)	93, 93	32, 32	32422725, 5613425,32422725, 32146774	94	901	864	Different	Different	Different
28	gb|AF350424|+|0-771|ARO:3001428|OXA-34	(71) 32571183-, 5674312+ (101) , (71) 32571183-, 24348369+ (101)	71, 71	101, 101	32571183, 5674312,32571183, 24348369	72	740	771	Different	Different	Different
29	gb|AF371964|+|118-919|ARO:3001768|OXA-118	(19) 2556907-, 1160229-, 26511913- (71) , (19) 2556907-, 1160229-, 25425969- (71) , (222) 83520186+, 1160229-, 26511913- (71) , (222) 83520186+, 1160229-, 25425969- (71)	19, 19, 222, 222	71, 71, 71, 71	2556907, 1160229, 26511913,2556907, 1160229, 25425969,83520186, 1160229, 26511913,83520186, 1160229, 25425969	20	579	801	Different	Different	Different
30	gb|AF408195.1|+|9446-10250|ARO:3003206|lsaE	(34) 5670118- (837)	34	837	5670118	35	782	804	Different	Different	Different
31	gb|AF550679.1|-|80976-81768|ARO:3002601|aadA	(11) 31689609+, 31674241+, 385047+ (435) , (920) 31770840-, 66940499-, 66940495+, 3661600-, 385047+ (435) , (13) 5638634-, 31689607+, 31674241+, 385047+ (435) , (13) 5638634-, 23556688-, 66940499-, 66940495+, 3661600-, 385047+ (435) , (920) 31770840-, 66940499-, 81873962+, 31582859- (287) , (920) 31770840-, 66940499-, 66940495+, 8153423-, 31582859- (287) , (13) 5638634-, 23556688-, 66940499-, 81873962+, 31582859- (287) , (13) 5638634-, 23556688-, 66940499-, 66940495+, 8153423-, 31582859- (287)	11, 920, 13, 13, 920, 920, 13, 13	435, 435, 435, 435, 287, 287, 287, 287	31689609, 31674241, 385047,31770840, 66940499, 66940495, 3661600, 385047,5638634, 31689607, 31674241, 385047,5638634, 23556688, 66940499, 66940495, 3661600, 385047,31770840, 66940499, 81873962, 31582859,31770840, 66940499, 66940495, 8153423, 31582859,5638634, 23556688, 66940499, 81873962, 31582859,5638634, 23556688, 66940499, 66940495, 8153423, 31582859	12	380	792	Different	Different	Different
32	gb|AJ222769.3|+|3686-5606|ARO:3000194|tetW	(39) 288518-, 23815819-, 336894- (107) , (39) 288518-, 6570599+ (158) , (39) 288518-, 23815819-, 25312831- (98)	39, 39, 39	107, 158, 98	288518, 23815819, 336894,288518, 6570599,288518, 23815819, 25312831	40	1800	1920	Different	Different	Different
33	gb|AJ627643.4|+|4933-5713|ARO:3002653|APH(3')-VIb	(180) 6903442+, 86408359- (241) , (180) 6903442+, 506744- (243)	180, 180	241, 243	6903442, 86408359,6903442, 506744	181	716	780	Different	Different	Different
34	gb|AJ809407|+|118-898|ARO:3002620|aadA23	(31) 31689609+, 31674241+, 385047+ (435) , (132) 25425969-, 5638634-, 31689607+, 31674241+, 385047+ (435) , (98) 24798140+, 5638634-, 31689607+, 31674241+, 385047+ (435) , (25) 5638634-, 23556688-, 66940499-, 66940495+, 3661600-, 385047+ (435) , (932) 31770840-, 66940499-, 66940495+, 3661600-, 385047+ (435) , (25) 5638634-, 23556688-, 66940499-, 66940495+, 8153423-, 31582859- (287) , (932) 31770840-, 66940499-, 81873962+, 31582859- (287) , (932) 31770840-, 66940499-, 66940495+, 8153423-, 31582859- (287) , (98) 24798140+, 5638634-, 23556688-, 66940499-, 81873962+, 31582859- (287) , (132) 25425969-, 5638634-, 23556688-, 66940499-, 81873962+, 31582859- (287) , (67) 3906318- (772) , (81) 26862905- (799)	31, 132, 98, 25, 932, 25, 932, 932, 98, 132, 67, 81	435, 435, 435, 435, 435, 287, 287, 287, 287, 287, 772, 799	31689609, 31674241, 385047,25425969, 5638634, 31689607, 31674241, 385047,24798140, 5638634, 31689607, 31674241, 385047,5638634, 23556688, 66940499, 66940495, 3661600, 385047,31770840, 66940499, 66940495, 3661600, 385047,5638634, 23556688, 66940499, 66940495, 8153423, 31582859,31770840, 66940499, 81873962, 31582859,31770840, 66940499, 66940495, 8153423, 31582859,24798140, 5638634, 23556688, 66940499, 81873962, 31582859,25425969, 5638634, 23556688, 66940499, 81873962, 31582859,3906318,26862905	2	380	780	Different	Different	Different
35	gb|AJ854182|+|0-801|ARO:3001798|OXA-74	(72) 32592252-, 26012357-, 758212-, 74766869-, 32267955- (52) , (23) 31339125-, 26012357-, 758212-, 74766869-, 32267955- (52) , (72) 32592252-, 26012357-, 758212-, 74766869-, 27276706- (52) , (23) 31339125-, 26012357-, 758212-, 74766869-, 27276706- (52) , (72) 32592252-, 26012357-, 758212-, 32575361- (55) , (23) 31339125-, 26012357-, 758212-, 32575361- (55) , (72) 32592258-, 758212-, 74766869-, 27276706- (52) , (72) 32592258-, 758212-, 74766869-, 32267955- (52) , (72) 32592258-, 758212-, 32575361- (55)	72, 23, 72, 23, 72, 23, 72, 72, 72	52, 52, 52, 52, 55, 55, 52, 52, 55	32592252, 26012357, 758212, 74766869, 32267955,31339125, 26012357, 758212, 74766869, 32267955,32592252, 26012357, 758212, 74766869, 27276706,31339125, 26012357, 758212, 74766869, 27276706,32592252, 26012357, 758212, 32575361,31339125, 26012357, 758212, 32575361,32592258, 758212, 74766869, 27276706,32592258, 758212, 74766869, 32267955,32592258, 758212, 32575361	2	626	801	Different	Different	Different
36	gb|AM040708.1|+|1173-1965|ARO:3004704|aadA8b	(13) 5638634-, 23556688-, 66940499-, 66940495+, 3661600-, 385047+ (435) , (86) 24798140+, 5638634-, 31689607+, 31674241+, 385047+ (435) , (120) 25425969-, 5638634-, 31689607+, 31674241+, 385047+ (435) , (920) 31770840-, 66940499-, 66940495+, 3661600-, 385047+ (435) , (11) 31689609+, 31674241+, 385047+ (435) , (13) 5638634-, 23556688-, 66940499-, 66940495+, 8153423-, 31582859- (287) , (86) 24798140+, 5638634-, 23556688-, 66940499-, 81873962+, 31582859- (287) , (120) 25425969-, 5638634-, 23556688-, 66940499-, 81873962+, 31582859- (287) , (920) 31770840-, 66940499-, 81873962+, 31582859- (287) , (920) 31770840-, 66940499-, 66940495+, 8153423-, 31582859- (287) , (81) 26862905- (799)	13, 86, 120, 920, 11, 13, 86, 120, 920, 920, 81	435, 435, 435, 435, 435, 287, 287, 287, 287, 287, 799	5638634, 23556688, 66940499, 66940495, 3661600, 385047,24798140, 5638634, 31689607, 31674241, 385047,25425969, 5638634, 31689607, 31674241, 385047,31770840, 66940499, 66940495, 3661600, 385047,31689609, 31674241, 385047,5638634, 23556688, 66940499, 66940495, 8153423, 31582859,24798140, 5638634, 23556688, 66940499, 81873962, 31582859,25425969, 5638634, 23556688, 66940499, 81873962, 31582859,31770840, 66940499, 81873962, 31582859,31770840, 66940499, 66940495, 8153423, 31582859,26862905	2	380	792	Different	Different	Different
37	gb|AM087405|+|1748-2582|ARO:3002622|aadA6/aadA10	(11) 3906318-, 49630744+ (78) , (11) 3906318-, 5643127+ (78) , (72) 26862905- (865)	11, 11, 72	78, 78, 865	3906318, 49630744,3906318, 5643127,26862905	12	738	834	Different	Different	Different
38	gb|AM261837|+|73-865|ARO:3002619|aadA22	(86) 24798140+, 5638634-, 31689607+, 31674241+, 385047+ (435) , (120) 25425969-, 5638634-, 31689607+, 31674241+, 385047+ (435) , (11) 31689609+, 31674241+, 385047+ (435) , (13) 5638634-, 23556688-, 66940499-, 66940495+, 3661600-, 385047+ (435) , (932) 31770840-, 66940499-, 66940495+, 3661600-, 385047+ (435) , (13) 5638634-, 23556688-, 66940499-, 66940495+, 8153423-, 31582859- (287) , (932) 31770840-, 66940499-, 81873962+, 31582859- (287) , (932) 31770840-, 66940499-, 66940495+, 8153423-, 31582859- (287) , (120) 25425969-, 5638634-, 23556688-, 66940499-, 81873962+, 31582859- (287) , (86) 24798140+, 5638634-, 23556688-, 66940499-, 81873962+, 31582859- (287) , (81) 26862905- (799)	86, 120, 11, 13, 932, 13, 932, 932, 120, 86, 81	435, 435, 435, 435, 435, 287, 287, 287, 287, 287, 799	24798140, 5638634, 31689607, 31674241, 385047,25425969, 5638634, 31689607, 31674241, 385047,31689609, 31674241, 385047,5638634, 23556688, 66940499, 66940495, 3661600, 385047,31770840, 66940499, 66940495, 3661600, 385047,5638634, 23556688, 66940499, 66940495, 8153423, 31582859,31770840, 66940499, 81873962, 31582859,31770840, 66940499, 66940495, 8153423, 31582859,25425969, 5638634, 23556688, 66940499, 81873962, 31582859,24798140, 5638634, 23556688, 66940499, 81873962, 31582859,26862905	2	380	792	Different	Different	Different
39	gb|AM412317.1|-|3035492-3036527|ARO:3004146|cfrC	(2308) 24062600- (3333)	2308	3333	24062600	2309	3284	1035	Different	Different	Different
40	gb|AM412777|+|117-918|ARO:3001439|OXA-101	(72) 32592258-, 758212-, 74766869- (55) , (72) 32592258-, 758212-, 32575361- (55) , (72) 32592252-, 26012357-, 758212-, 74766869- (55) , (72) 32592252-, 26012357-, 758212-, 32575361- (55) , (23) 31339125-, 26012357-, 758212-, 74766869- (55) , (23) 31339125-, 26012357-, 758212-, 32575361- (55)	72, 72, 72, 72, 23, 23	55, 55, 55, 55, 55, 55	32592258, 758212, 74766869,32592258, 758212, 32575361,32592252, 26012357, 758212, 74766869,32592252, 26012357, 758212, 32575361,31339125, 26012357, 758212, 74766869,31339125, 26012357, 758212, 32575361	2	626	801	Different	Different	Different
41	gb|AP009048|-|4338624-4340268|ARO:3003576|eptA	(758) 25658009+ (2401)	758	2401	25658009	759	2346	1644	Different	Different	Different
42	gb|AP012030.1|-|395553-396711|ARO:3004612|Escherichia_coli_ampH	(1084) 1160795+ (2241)	1084	2241	1160795	1085	2186	1158	Different	Different	Different
43	gb|APOH01000009.1|-|220588-221443|ARO:3001751|OXA-296	(69) 31762653-, 2880953- (626) , (69) 269907+, 2880953- (626)	69, 69	626, 626	31762653, 2880953,269907, 2880953	2	571	855	Different	Different	Different
44	gb|AY007784|+|1122-1923|ARO:3001431|OXA-37	(73) 26714083+ (873)	73	873	26714083	74	818	801	Different	Different	Different
45	gb|AY055428.1|-|20268-21084|ARO:3000412|sul2	(96) 23703864-, 9429764+ (453)	96	453	23703864, 9429764	97	398	816	Different	Different	Different
46	gb|AY138986|+|0-789|ARO:3002604|aadA4	(57) 1370533+, 83520186+ (53) , (57) 1370533+, 31391622- (53)	57, 57	53, 53	1370533, 83520186,1370533, 31391622	58	790	789	Different	Different	Different
47	gb|AY139598|+|1486-2287|ARO:3001775|OXA-119	(19) 2556907-, 1160229-, 26511913- (71) , (19) 2556907-, 1160229-, 25425969- (71) , (222) 83520186+, 1160229-, 26511913- (71) , (222) 83520186+, 1160229-, 25425969- (71)	19, 19, 222, 222	71, 71, 71, 71	2556907, 1160229, 26511913,2556907, 1160229, 25425969,83520186, 1160229, 26511913,83520186, 1160229, 25425969	20	574	801	Different	Different	Different
48	gb|AY139603|+|106-898|ARO:3002608|aadA8	(13) 5638634-, 23556688-, 66940499-, 66940495+, 3661600-, 385047+ (435) , (86) 24798140+, 5638634-, 31689607+, 31674241+, 385047+ (435) , (120) 25425969-, 5638634-, 31689607+, 31674241+, 385047+ (435) , (932) 31770840-, 66940499-, 66940495+, 3661600-, 385047+ (435) , (11) 31689609+, 31674241+, 385047+ (435) , (13) 5638634-, 23556688-, 66940499-, 66940495+, 8153423-, 31582859- (287) , (86) 24798140+, 5638634-, 23556688-, 66940499-, 81873962+, 31582859- (287) , (120) 25425969-, 5638634-, 23556688-, 66940499-, 81873962+, 31582859- (287) , (932) 31770840-, 66940499-, 81873962+, 31582859- (287) , (932) 31770840-, 66940499-, 66940495+, 8153423-, 31582859- (287) , (81) 26862905- (799)	13, 86, 120, 932, 11, 13, 86, 120, 932, 932, 81	435, 435, 435, 435, 435, 287, 287, 287, 287, 287, 799	5638634, 23556688, 66940499, 66940495, 3661600, 385047,24798140, 5638634, 31689607, 31674241, 385047,25425969, 5638634, 31689607, 31674241, 385047,31770840, 66940499, 66940495, 3661600, 385047,31689609, 31674241, 385047,5638634, 23556688, 66940499, 66940495, 8153423, 31582859,24798140, 5638634, 23556688, 66940499, 81873962, 31582859,25425969, 5638634, 23556688, 66940499, 81873962, 31582859,31770840, 66940499, 81873962, 31582859,31770840, 66940499, 66940495, 8153423, 31582859,26862905	2	380	792	Different	Different	Different
49	gb|AY171244|+|46-838|ARO:3002618|aadA21	(86) 24798140+, 5638634-, 31689607+, 31674241+, 385047+ (435) , (120) 25425969-, 5638634-, 31689607+, 31674241+, 385047+ (435) , (11) 31689609+, 31674241+, 385047+ (435) , (13) 5638634-, 23556688-, 66940499-, 66940495+, 3661600-, 385047+ (435) , (932) 31770840-, 66940499-, 66940495+, 3661600-, 385047+ (435) , (13) 5638634-, 23556688-, 66940499-, 66940495+, 8153423-, 31582859- (287) , (932) 31770840-, 66940499-, 81873962+, 31582859- (287) , (932) 31770840-, 66940499-, 66940495+, 8153423-, 31582859- (287) , (120) 25425969-, 5638634-, 23556688-, 66940499-, 81873962+, 31582859- (287) , (86) 24798140+, 5638634-, 23556688-, 66940499-, 81873962+, 31582859- (287) , (81) 26862905- (799)	86, 120, 11, 13, 932, 13, 932, 932, 120, 86, 81	435, 435, 435, 435, 435, 287, 287, 287, 287, 287, 799	24798140, 5638634, 31689607, 31674241, 385047,25425969, 5638634, 31689607, 31674241, 385047,31689609, 31674241, 385047,5638634, 23556688, 66940499, 66940495, 3661600, 385047,31770840, 66940499, 66940495, 3661600, 385047,5638634, 23556688, 66940499, 66940495, 8153423, 31582859,31770840, 66940499, 81873962, 31582859,31770840, 66940499, 66940495, 8153423, 31582859,25425969, 5638634, 23556688, 66940499, 81873962, 31582859,24798140, 5638634, 23556688, 66940499, 81873962, 31582859,26862905	2	380	792	Different	Different	Different
50	gb|AY178993|+|574-1471|ARO:3002247|CARB-8	(146) 267426-, 5625755+ (82) , (146) 267426-, 63777837- (82)	146, 146	82, 82	267426, 5625755,267426, 63777837	147	960	897	Different	Different	Different
51	gb|AY260546|+|4477-5341|ARO:3002336|GES-7	(93) 32422725-, 5613425+ (32) , (93) 32422725-, 32146774- (32)	93, 93	32, 32	32422725, 5613425,32422725, 32146774	94	901	864	Different	Different	Different
52	gb|AY445080|+|0-801|ARO:3001795|OXA-56	(72) 32592258-, 758212-, 74766869- (55) , (72) 32592258-, 758212-, 32575361- (55) , (72) 32592252-, 26012357-, 758212-, 74766869- (55) , (72) 32592252-, 26012357-, 758212-, 32575361- (55) , (23) 31339125-, 26012357-, 758212-, 74766869- (55) , (23) 31339125-, 26012357-, 758212-, 32575361- (55)	72, 72, 72, 72, 23, 23	55, 55, 55, 55, 55, 55	32592258, 758212, 74766869,32592258, 758212, 32575361,32592252, 26012357, 758212, 74766869,32592252, 26012357, 758212, 32575361,31339125, 26012357, 758212, 74766869,31339125, 26012357, 758212, 32575361	2	626	801	Different	Different	Different
53	gb|AY494717|+|0-864|ARO:3002334|GES-5	(93) 32422725-, 5613425+ (32) , (93) 32422725-, 32146774- (32)	93, 93	32, 32	32422725, 5613425,32422725, 32146774	94	901	864	Different	Different	Different
54	gb|AY494718|+|0-864|ARO:3002335|GES-6	(93) 32422725-, 5613425+ (32) , (93) 32422725-, 32146774- (32)	93, 93	32, 32	32422725, 5613425,32422725, 32146774	94	901	864	Different	Different	Different
55	gb|AY536519|+|37-937|ARO:3002372|VEB-3	(87) 8677873- (986)	87	986	8677873	88	931	900	Different	Different	Different
56	gb|AY628199|+|203-1064|ARO:3000988|TEM-126	(224) 32381806+ (1084)	224	1084	32381806	225	1029	861	Different	Different	Different
57	gb|AY758206|+|2743-3589|ARO:3002611|aadA11	(11) 3906318-, 5643127+ (118) , (11) 3906318-, 49630744+ (118) , (72) 26862905- (905)	11, 11, 72	118, 118, 905	3906318, 5643127,3906318, 49630744,26862905	12	738	846	Different	Different	Different
58	gb|AY920928|+|2689-3553|ARO:3002338|GES-9	(93) 32422725-, 5613425+ (32) , (93) 32422725-, 32146774- (32)	93, 93	32, 32	32422725, 5613425,32422725, 32146774	94	901	864	Different	Different	Different
59	gb|BX664015.1|-|103017-103833|ARO:3002641|APH(3')-Ia	(121) 27227585- (934)	121	934	27227585	122	879	816	Different	Different	Different
60	gb|CP003022|+|336788-337580|ARO:3003197|aadA25	(13) 5638634-, 23556688-, 66940499-, 66940495+, 3661600-, 385047+ (435) , (86) 24798140+, 5638634-, 31689607+, 31674241+, 385047+ (435) , (120) 25425969-, 5638634-, 31689607+, 31674241+, 385047+ (435) , (920) 31770840-, 66940499-, 66940495+, 3661600-, 385047+ (435) , (11) 31689609+, 31674241+, 385047+ (435) , (13) 5638634-, 23556688-, 66940499-, 66940495+, 8153423-, 31582859- (287) , (86) 24798140+, 5638634-, 23556688-, 66940499-, 81873962+, 31582859- (287) , (120) 25425969-, 5638634-, 23556688-, 66940499-, 81873962+, 31582859- (287) , (920) 31770840-, 66940499-, 81873962+, 31582859- (287) , (920) 31770840-, 66940499-, 66940495+, 8153423-, 31582859- (287) , (81) 26862905- (799)	13, 86, 120, 920, 11, 13, 86, 120, 920, 920, 81	435, 435, 435, 435, 435, 287, 287, 287, 287, 287, 799	5638634, 23556688, 66940499, 66940495, 3661600, 385047,24798140, 5638634, 31689607, 31674241, 385047,25425969, 5638634, 31689607, 31674241, 385047,31770840, 66940499, 66940495, 3661600, 385047,31689609, 31674241, 385047,5638634, 23556688, 66940499, 66940495, 8153423, 31582859,24798140, 5638634, 23556688, 66940499, 81873962, 31582859,25425969, 5638634, 23556688, 66940499, 81873962, 31582859,31770840, 66940499, 81873962, 31582859,31770840, 66940499, 66940495, 8153423, 31582859,26862905	2	380	792	Different	Different	Different
61	gb|D16251.1|-|1625-2531|ARO:3000316|mphA	(125) 80826+ (1030)	125	1030	80826	126	975	906	Different	Different	Different
62	gb|DQ303918|+|0-600|ARO:3002547|AAC(6')-Ib-cr	(65) 36782492-, 3274129-, 60915537-, 2728545- (580) , (40) 24065316+, 3274129-, 60915537-, 2728545- (580) , (49) 25779977-, 60915537-, 2728545- (580)	65, 40, 49	580, 580, 580	36782492, 3274129, 60915537, 2728545,24065316, 3274129, 60915537, 2728545,25779977, 60915537, 2728545	2	525	600	Different	Different	Different
63	gb|DQ677333|+|0-780|ARO:3002621|aadA24	(31) 31689609+, 31674241+, 385047+ (435) , (98) 24798140+, 5638634-, 31689607+, 31674241+, 385047+ (435) , (132) 25425969-, 5638634-, 31689607+, 31674241+, 385047+ (435) , (25) 5638634-, 23556688-, 66940499-, 66940495+, 3661600-, 385047+ (435) , (932) 31770840-, 66940499-, 66940495+, 3661600-, 385047+ (435) , (932) 31770840-, 66940499-, 81873962+, 31582859- (287) , (25) 5638634-, 23556688-, 66940499-, 66940495+, 8153423-, 31582859- (287) , (932) 31770840-, 66940499-, 66940495+, 8153423-, 31582859- (287) , (132) 25425969-, 5638634-, 23556688-, 66940499-, 81873962+, 31582859- (287) , (98) 24798140+, 5638634-, 23556688-, 66940499-, 81873962+, 31582859- (287)	31, 98, 132, 25, 932, 932, 25, 932, 132, 98	435, 435, 435, 435, 435, 287, 287, 287, 287, 287	31689609, 31674241, 385047,24798140, 5638634, 31689607, 31674241, 385047,25425969, 5638634, 31689607, 31674241, 385047,5638634, 23556688, 66940499, 66940495, 3661600, 385047,31770840, 66940499, 66940495, 3661600, 385047,31770840, 66940499, 81873962, 31582859,5638634, 23556688, 66940499, 66940495, 8153423, 31582859,31770840, 66940499, 66940495, 8153423, 31582859,25425969, 5638634, 23556688, 66940499, 81873962, 31582859,24798140, 5638634, 23556688, 66940499, 81873962, 31582859	39	380	780	Different	Different	Different
64	gb|DQ839391.1|-|12872-13757|ARO:3003741|mphE	(1971) 584002+ (2855)	1971	2855	584002	1972	2800	885	Different	Different	Different
65	gb|EF552405|+|12-840|ARO:3001802|OXA-141	(71) 32571183-, 5674312+ (158) , (71) 32571183-, 24348369+ (158)	71, 71	158, 158	32571183, 5674312,32571183, 24348369	72	740	828	Different	Different	Different
66	gb|EU294228.1|+|21241-22717|ARO:3003109|msrE	(440) 584002+ (1915)	440	1915	584002	441	1860	1476	Different	Different	Different
67	gb|EU358785|+|720-1521|ARO:3001803|OXA-142	(72) 32592252-, 26012357-, 758212-, 74766869-, 32267955- (52) , (23) 31339125-, 26012357-, 758212-, 74766869-, 32267955- (52) , (72) 32592252-, 26012357-, 758212-, 74766869-, 27276706- (52) , (23) 31339125-, 26012357-, 758212-, 74766869-, 27276706- (52) , (72) 32592252-, 26012357-, 758212-, 32575361- (55) , (23) 31339125-, 26012357-, 758212-, 32575361- (55) , (72) 32592258-, 758212-, 74766869-, 27276706- (52) , (72) 32592258-, 758212-, 74766869-, 32267955- (52) , (72) 32592258-, 758212-, 32575361- (55)	72, 23, 72, 23, 72, 23, 72, 72, 72	52, 52, 52, 52, 55, 55, 52, 52, 55	32592252, 26012357, 758212, 74766869, 32267955,31339125, 26012357, 758212, 74766869, 32267955,32592252, 26012357, 758212, 74766869, 27276706,31339125, 26012357, 758212, 74766869, 27276706,32592252, 26012357, 758212, 32575361,31339125, 26012357, 758212, 32575361,32592258, 758212, 74766869, 27276706,32592258, 758212, 74766869, 32267955,32592258, 758212, 32575361	2	626	801	Different	Different	Different
68	gb|EU675686|+|1956-2409|ARO:3002848|arr-3	(87) 31482733+ (539)	87	539	31482733	88	484	453	Different	Different	Different
69	gb|EU722333.1|+|1932-3852|ARO:3000196|tet32	(39) 6390767-, 31413540- (815)	39	815	6390767, 31413540	40	760	1920	Different	Different	Different
70	gb|EU746499.1|+|639-1437|ARO:3002613|aadA13	(920) 31770840-, 66940499-, 66940495+, 8153423-, 31582859- (297) , (920) 31770840-, 66940499-, 81873962+, 31582859- (297) , (920) 31770840-, 66940499-, 66940495+, 3661600-, 385047+ (442) , (25) 5638634-, 23556688-, 66940499-, 66940495+, 8153423-, 31582859- (297) , (25) 5638634-, 23556688-, 66940499-, 81873962+, 31582859- (297) , (11) 31689609+, 31674241+, 385047+ (442) , (25) 5638634-, 31689607+, 31674241+, 385047+ (442) , (25) 5638634-, 23556688-, 66940499-, 66940495+, 3661600-, 385047+ (442)	920, 920, 920, 25, 25, 11, 25, 25	297, 297, 442, 297, 297, 442, 442, 442	31770840, 66940499, 66940495, 8153423, 31582859,31770840, 66940499, 81873962, 31582859,31770840, 66940499, 66940495, 3661600, 385047,5638634, 23556688, 66940499, 66940495, 8153423, 31582859,5638634, 23556688, 66940499, 81873962, 31582859,31689609, 31674241, 385047,5638634, 31689607, 31674241, 385047,5638634, 23556688, 66940499, 66940495, 3661600, 385047	921	242	798	Different	Different	Different
71	gb|EU748544|+|0-927|ARO:3002366|PER-4	(1454) 5606345- (2380)	1454	2380	5606345	1455	2325	927	Different	Different	Different
72	gb|EU850412|+|2269-3166|ARO:3002249|CARB-10	(146) 267426-, 63777837- (82) , (146) 267426-, 5625755+ (82)	146, 146	82, 82	267426, 63777837,267426, 5625755	147	960	897	Different	Different	Different
73	gb|FJ381668|+|56-848|ARO:3002612|aadA12	(13) 5638634-, 23556688-, 66940499-, 66940495+, 3661600-, 385047+ (433) , (11) 31689609+, 31674241+, 385047+ (433) , (86) 24798140+, 5638634-, 31689607+, 31674241+, 385047+ (433) , (120) 25425969-, 5638634-, 31689607+, 31674241+, 385047+ (433) , (932) 31770840-, 66940499-, 66940495+, 3661600-, 385047+ (433) , (13) 5638634-, 23556688-, 66940499-, 66940495+, 8153423-, 31582859- (276) , (932) 31770840-, 66940499-, 81873962+, 31582859- (276) , (932) 31770840-, 66940499-, 66940495+, 8153423-, 31582859- (276) , (120) 25425969-, 5638634-, 23556688-, 66940499-, 81873962+, 31582859- (276) , (86) 24798140+, 5638634-, 23556688-, 66940499-, 81873962+, 31582859- (276) , (81) 26862905- (794)	13, 11, 86, 120, 932, 13, 932, 932, 120, 86, 81	433, 433, 433, 433, 433, 276, 276, 276, 276, 276, 794	5638634, 23556688, 66940499, 66940495, 3661600, 385047,31689609, 31674241, 385047,24798140, 5638634, 31689607, 31674241, 385047,25425969, 5638634, 31689607, 31674241, 385047,31770840, 66940499, 66940495, 3661600, 385047,5638634, 23556688, 66940499, 66940495, 8153423, 31582859,31770840, 66940499, 81873962, 31582859,31770840, 66940499, 66940495, 8153423, 31582859,25425969, 5638634, 23556688, 66940499, 81873962, 31582859,24798140, 5638634, 23556688, 66940499, 81873962, 31582859,26862905	2	360	792	Different	Different	Different
74	gb|FJ617207|+|0-828|ARO:3001800|OXA-226	(71) 32571183-, 5674312+ (158) , (71) 32571183-, 24348369+ (158)	71, 71	158, 158	32571183, 5674312,32571183, 24348369	72	740	828	Different	Different	Different
75	gb|FJ790516|+|1287-2085|ARO:3001804|OXA-145	(72) 32592258-, 758212-, 74766869- (55) , (72) 32592258-, 758212-, 32575361- (55) , (72) 32592252-, 26012357-, 758212-, 74766869- (55) , (72) 32592252-, 26012357-, 758212-, 32575361- (55) , (23) 31339125-, 26012357-, 758212-, 74766869- (55) , (23) 31339125-, 26012357-, 758212-, 32575361- (55)	72, 72, 72, 72, 23, 23	55, 55, 55, 55, 55, 55	32592258, 758212, 74766869,32592258, 758212, 32575361,32592252, 26012357, 758212, 74766869,32592252, 26012357, 758212, 32575361,31339125, 26012357, 758212, 74766869,31339125, 26012357, 758212, 32575361	2	626	798	Different	Different	Different
76	gb|FJ820124|+|1123-1987|ARO:3002339|GES-10	(93) 32422725-, 5613425+ (32) , (93) 32422725-, 32146774- (32)	93, 93	32, 32	32422725, 5613425,32422725, 32146774	94	901	864	Different	Different	Different
77	gb|FJ848783|+|1270-2071|ARO:3001801|OXA-147	(72) 32592258-, 758212-, 74766869- (55) , (72) 32592258-, 758212-, 32575361- (55) , (72) 32592252-, 26012357-, 758212-, 74766869- (55) , (72) 32592252-, 26012357-, 758212-, 32575361- (55) , (23) 31339125-, 26012357-, 758212-, 74766869- (55) , (23) 31339125-, 26012357-, 758212-, 32575361- (55)	72, 72, 72, 72, 23, 23	55, 55, 55, 55, 55, 55	32592258, 758212, 74766869,32592258, 758212, 32575361,32592252, 26012357, 758212, 74766869,32592252, 26012357, 758212, 32575361,31339125, 26012357, 758212, 74766869,31339125, 26012357, 758212, 32575361	2	626	801	Different	Different	Different
78	gb|FJ854362|+|701-1565|ARO:3002340|GES-11	(93) 32422725-, 5613425+ (32) , (93) 32422725-, 32146774- (32)	93, 93	32, 32	32422725, 5613425,32422725, 32146774	94	901	864	Different	Different	Different
79	gb|FN554543|+|0-864|ARO:3002341|GES-12	(93) 32422725-, 5613425+ (32) , (93) 32422725-, 32146774- (32)	93, 93	32, 32	32422725, 5613425,32422725, 32146774	94	901	864	Different	Different	Different
80	gb|GQ202693|+|1171-1999|ARO:3001799|OXA-161	(71) 32571183-, 5674312+ (158) , (71) 32571183-, 24348369+ (158)	71, 71	158, 158	32571183, 5674312,32571183, 24348369	72	740	828	Different	Different	Different
81	gb|GQ342996|+|797-1793|ARO:3003097|CfxA6	(27) 32071353-, 26004826-, 280008- (966) , 3034281+, 280008- (966) , (138) 5661688+ (1102)	27, 966, 138	966, 966, 1102	32071353, 26004826, 280008,3034281, 280008,5661688	2	911	996	Different	Different	Different
82	gb|GQ891757|+|2004-2661|ARO:3002801|QnrVC4	(266) 80949639- (922)	266	922	80949639	267	867	657	Different	Different	Different
83	gb|GU169702|+|608-1472|ARO:3002342|GES-13	(93) 32422725-, 5613425+ (32) , (93) 32422725-, 32146774- (32)	93, 93	32, 32	32422725, 5613425,32422725, 32146774	94	901	864	Different	Different	Different
84	gb|GU207844|+|0-864|ARO:3002343|GES-14	(93) 32422725-, 5613425+ (32) , (93) 32422725-, 32146774- (32)	93, 93	32, 32	32422725, 5613425,32422725, 32146774	94	901	864	Different	Different	Different
85	gb|GU208678|+|0-864|ARO:3002344|GES-15	(93) 32422725-, 5613425+ (32) , (93) 32422725-, 32146774- (32)	93, 93	32, 32	32422725, 5613425,32422725, 32146774	94	901	864	Different	Different	Different
86	gb|GU831575|+|0-843|ARO:3001662|OXA-164	(73) 32026252- (915)	73	915	32026252	74	860	843	Different	Different	Different
87	gb|HE616889|+|1826-2627|ARO:3001502|OXA-256	(72) 32592252-, 26012357-, 758212-, 74766869-, 32267955- (52) , (23) 31339125-, 26012357-, 758212-, 74766869-, 32267955- (52) , (72) 32592252-, 26012357-, 758212-, 74766869-, 27276706- (52) , (23) 31339125-, 26012357-, 758212-, 74766869-, 27276706- (52) , (72) 32592252-, 26012357-, 758212-, 32575361- (55) , (23) 31339125-, 26012357-, 758212-, 32575361- (55) , (72) 32592258-, 758212-, 74766869-, 27276706- (52) , (72) 32592258-, 758212-, 74766869-, 32267955- (52) , (72) 32592258-, 758212-, 32575361- (55)	72, 23, 72, 23, 72, 23, 72, 72, 72	52, 52, 52, 52, 55, 55, 52, 52, 55	32592252, 26012357, 758212, 74766869, 32267955,31339125, 26012357, 758212, 74766869, 32267955,32592252, 26012357, 758212, 74766869, 27276706,31339125, 26012357, 758212, 74766869, 27276706,32592252, 26012357, 758212, 32575361,31339125, 26012357, 758212, 32575361,32592258, 758212, 74766869, 27276706,32592258, 758212, 74766869, 32267955,32592258, 758212, 32575361	2	626	801	Different	Different	Different
88	gb|HF953351|-|2461-3358|ARO:3002255|CARB-16	(146) 267426-, 63777837- (82) , (146) 267426-, 5625755+ (82)	146, 146	82, 82	267426, 63777837,267426, 5625755	147	960	897	Different	Different	Different
89	gb|HM173356|+|511-1375|ARO:3002345|GES-16	(93) 32422725-, 5613425+ (32) , (93) 32422725-, 32146774- (32)	93, 93	32, 32	32422725, 5613425,32422725, 32146774	94	901	864	Different	Different	Different
90	gb|HQ111474|+|1056-1857|ARO:3001475|OXA-183	(72) 32592258-, 758212-, 74766869- (55) , (72) 32592258-, 758212-, 32575361- (55) , (72) 32592252-, 26012357-, 758212-, 74766869- (55) , (72) 32592252-, 26012357-, 758212-, 32575361- (55) , (23) 31339125-, 26012357-, 758212-, 74766869- (55) , (23) 31339125-, 26012357-, 758212-, 32575361- (55)	72, 72, 72, 72, 23, 23	55, 55, 55, 55, 55, 55	32592258, 758212, 74766869,32592258, 758212, 32575361,32592252, 26012357, 758212, 74766869,32592252, 26012357, 758212, 32575361,31339125, 26012357, 758212, 74766869,31339125, 26012357, 758212, 32575361	2	626	801	Different	Different	Different
91	gb|HQ874631|+|0-864|ARO:3002346|GES-17	(93) 32422725-, 5613425+ (32) , (93) 32422725-, 32146774- (32)	93, 93	32, 32	32422725, 5613425,32422725, 32146774	94	901	864	Different	Different	Different
92	gb|JCMW02000002.1|-|55721-56522|ARO:3004489|OXA-663	(72) 32592252-, 26012357-, 758212-, 74766869-, 32267955- (52) , (23) 31339125-, 26012357-, 758212-, 74766869-, 32267955- (52) , (23) 31339125-, 26012357-, 758212-, 32575361- (55) , (72) 32592252-, 26012357-, 758212-, 32575361- (55) , (23) 31339125-, 26012357-, 758212-, 74766869-, 27276706- (52) , (72) 32592252-, 26012357-, 758212-, 74766869-, 27276706- (52) , (72) 32592258-, 758212-, 74766869-, 27276706- (52) , (72) 32592258-, 758212-, 74766869-, 32267955- (52) , (72) 32592258-, 758212-, 32575361- (55)	72, 23, 23, 72, 23, 72, 72, 72, 72	52, 52, 55, 55, 52, 52, 52, 52, 55	32592252, 26012357, 758212, 74766869, 32267955,31339125, 26012357, 758212, 74766869, 32267955,31339125, 26012357, 758212, 32575361,32592252, 26012357, 758212, 32575361,31339125, 26012357, 758212, 74766869, 27276706,32592252, 26012357, 758212, 74766869, 27276706,32592258, 758212, 74766869, 27276706,32592258, 758212, 74766869, 32267955,32592258, 758212, 32575361	2	626	801	Different	Different	Different
93	gb|JF795487|+|0-828|ARO:3001487|OXA-210	(71) 32571183-, 5674312+ (158) , (71) 32571183-, 24348369+ (158)	71, 71	158, 158	32571183, 5674312,32571183, 24348369	72	740	828	Different	Different	Different
94	gb|JF800667|+|657-1458|ARO:3001483|OXA-205	(19) 2556907-, 1160229-, 25425969- (71) , (19) 2556907-, 1160229-, 26511913- (71) , (222) 83520186+, 1160229-, 25425969- (71) , (222) 83520186+, 1160229-, 26511913- (71)	19, 19, 222, 222	71, 71, 71, 71	2556907, 1160229, 25425969,2556907, 1160229, 26511913,83520186, 1160229, 25425969,83520186, 1160229, 26511913	20	579	801	Different	Different	Different
95	gb|JF969163|+|1053-1893|ARO:3000410|sul1	(404) 31214328- (1243)	404	1243	31214328	405	1188	840	Different	Different	Different
96	gb|JN118546|+|1761-2562|ARO:3001500|OXA-251	(72) 32592252-, 26012357-, 758212-, 74766869-, 32267955- (52) , (23) 31339125-, 26012357-, 758212-, 74766869-, 32267955- (52) , (72) 32592252-, 26012357-, 758212-, 74766869-, 27276706- (52) , (23) 31339125-, 26012357-, 758212-, 74766869-, 27276706- (52) , (72) 32592252-, 26012357-, 758212-, 32575361- (55) , (23) 31339125-, 26012357-, 758212-, 32575361- (55) , (72) 32592258-, 758212-, 74766869-, 27276706- (52) , (72) 32592258-, 758212-, 74766869-, 32267955- (52) , (72) 32592258-, 758212-, 32575361- (55)	72, 23, 72, 23, 72, 23, 72, 72, 72	52, 52, 52, 52, 55, 55, 52, 52, 55	32592252, 26012357, 758212, 74766869, 32267955,31339125, 26012357, 758212, 74766869, 32267955,32592252, 26012357, 758212, 74766869, 27276706,31339125, 26012357, 758212, 74766869, 27276706,32592252, 26012357, 758212, 32575361,31339125, 26012357, 758212, 32575361,32592258, 758212, 74766869, 27276706,32592258, 758212, 74766869, 32267955,32592258, 758212, 32575361	2	626	801	Different	Different	Different
97	gb|JN596280|+|1918-2782|ARO:3002348|GES-19	(93) 32422725-, 5613425+ (32) , (93) 32422725-, 32146774- (32)	93, 93	32, 32	32422725, 5613425,32422725, 32146774	94	901	864	Different	Different	Different
98	gb|JN596280|+|2847-3711|ARO:3002349|GES-20	(93) 32422725-, 5613425+ (32) , (93) 32422725-, 32146774- (32)	93, 93	32, 32	32422725, 5613425,32422725, 32146774	94	901	864	Different	Different	Different
99	gb|JQ028729|+|0-864|ARO:3002347|GES-18	(93) 32422725-, 5613425+ (32) , (93) 32422725-, 32146774- (32)	93, 93	32, 32	32422725, 5613425,32422725, 32146774	94	901	864	Different	Different	Different
100	gb|JQ364968|+|3332-4229|ARO:3002252|CARB-14	(146) 267426-, 63777837- (82) , (146) 267426-, 5625755+ (82)	146, 146	82, 82	267426, 63777837,267426, 5625755	147	958	897	Different	Different	Different
101	gb|JQ772478|+|140-1004|ARO:3002350|GES-21	(93) 32422725-, 5613425+ (32) , (93) 32422725-, 32146774- (32)	93, 93	32, 32	32422725, 5613425,32422725, 32146774	94	901	864	Different	Different	Different
102	gb|JQ808129|+|633-1188|ARO:3002546|AAC(6')-Ib	(26) 2728545- (580)	26	580	2728545	27	525	555	Different	Different	Different
103	gb|JX023441|+|37-901|ARO:3002351|GES-22	(93) 32422725-, 5613425+ (32) , (93) 32422725-, 32146774- (32)	93, 93	32, 32	32422725, 5613425,32422725, 32146774	94	901	864	Different	Different	Different
104	gb|JX089628|+|0-801|ARO:3001499|OXA-240	(72) 32592252-, 26012357-, 758212-, 74766869-, 32267955- (52) , (23) 31339125-, 26012357-, 758212-, 74766869-, 32267955- (52) , (72) 32592252-, 26012357-, 758212-, 74766869-, 27276706- (52) , (23) 31339125-, 26012357-, 758212-, 74766869-, 27276706- (52) , (72) 32592252-, 26012357-, 758212-, 32575361- (55) , (23) 31339125-, 26012357-, 758212-, 32575361- (55) , (72) 32592258-, 758212-, 74766869-, 27276706- (52) , (72) 32592258-, 758212-, 74766869-, 32267955- (52) , (72) 32592258-, 758212-, 32575361- (55)	72, 23, 72, 23, 72, 23, 72, 72, 72	52, 52, 52, 52, 55, 55, 52, 52, 55	32592252, 26012357, 758212, 74766869, 32267955,31339125, 26012357, 758212, 74766869, 32267955,32592252, 26012357, 758212, 74766869, 27276706,31339125, 26012357, 758212, 74766869, 27276706,32592252, 26012357, 758212, 32575361,31339125, 26012357, 758212, 32575361,32592258, 758212, 74766869, 27276706,32592258, 758212, 74766869, 32267955,32592258, 758212, 32575361	2	626	801	Different	Different	Different
105	gb|JX101693.1|+|58200-58833|ARO:3002676|catB3	(86) 31534610- (718)	86	718	31534610	87	663	633	Different	Different	Different
106	gb|KC170992.1|+|8362-9142|ARO:3003687|APH(3')-VI	(180) 6903442+, 506744- (243) , (180) 6903442+, 86408359- (241)	180, 180	243, 241	6903442, 506744,6903442, 86408359	181	716	780	Different	Different	Different
107	gb|KF711993|+|0-801|ARO:3001807|OXA-246	(72) 32592252-, 26012357-, 758212-, 74766869-, 32267955- (52) , (23) 31339125-, 26012357-, 758212-, 74766869-, 32267955- (52) , (72) 32592252-, 26012357-, 758212-, 74766869-, 27276706- (52) , (23) 31339125-, 26012357-, 758212-, 74766869-, 27276706- (52) , (72) 32592252-, 26012357-, 758212-, 32575361- (55) , (23) 31339125-, 26012357-, 758212-, 32575361- (55) , (72) 32592258-, 758212-, 74766869-, 27276706- (52) , (72) 32592258-, 758212-, 74766869-, 32267955- (52) , (72) 32592258-, 758212-, 32575361- (55)	72, 23, 72, 23, 72, 23, 72, 72, 72	52, 52, 52, 52, 55, 55, 52, 52, 55	32592252, 26012357, 758212, 74766869, 32267955,31339125, 26012357, 758212, 74766869, 32267955,32592252, 26012357, 758212, 74766869, 27276706,31339125, 26012357, 758212, 74766869, 27276706,32592252, 26012357, 758212, 32575361,31339125, 26012357, 758212, 32575361,32592258, 758212, 74766869, 27276706,32592258, 758212, 74766869, 32267955,32592258, 758212, 32575361	2	626	801	Different	Different	Different
108	gb|KF921535.1|+|617-1091|ARO:3002859|dfrA14	(71) 85537095+ (544)	71	544	85537095	72	489	474	Different	Different	Different
109	gb|KJ420612.1|+|1821-2622|ARO:3001409|OXA-14	(72) 32592252-, 26012357-, 758212-, 74766869-, 32267955- (52) , (23) 31339125-, 26012357-, 758212-, 74766869-, 32267955- (52) , (72) 32592252-, 26012357-, 758212-, 74766869-, 27276706- (52) , (23) 31339125-, 26012357-, 758212-, 74766869-, 27276706- (52) , (72) 32592252-, 26012357-, 758212-, 32575361- (55) , (23) 31339125-, 26012357-, 758212-, 32575361- (55) , (72) 32592258-, 758212-, 74766869-, 27276706- (52) , (72) 32592258-, 758212-, 74766869-, 32267955- (52) , (72) 32592258-, 758212-, 32575361- (55)	72, 23, 72, 23, 72, 23, 72, 72, 72	52, 52, 52, 52, 55, 55, 52, 52, 55	32592252, 26012357, 758212, 74766869, 32267955,31339125, 26012357, 758212, 74766869, 32267955,32592252, 26012357, 758212, 74766869, 27276706,31339125, 26012357, 758212, 74766869, 27276706,32592252, 26012357, 758212, 32575361,31339125, 26012357, 758212, 32575361,32592258, 758212, 74766869, 27276706,32592258, 758212, 74766869, 32267955,32592258, 758212, 32575361	2	626	801	Different	Different	Different
110	gb|KJ657570|+|0-801|ARO:3001495|OXA-233	(72) 32592252-, 26012357-, 758212-, 74766869-, 32267955- (52) , (23) 31339125-, 26012357-, 758212-, 74766869-, 32267955- (52) , (72) 32592252-, 26012357-, 758212-, 74766869-, 27276706- (52) , (23) 31339125-, 26012357-, 758212-, 74766869-, 27276706- (52) , (72) 32592252-, 26012357-, 758212-, 32575361- (55) , (23) 31339125-, 26012357-, 758212-, 32575361- (55) , (72) 32592258-, 758212-, 74766869-, 27276706- (52) , (72) 32592258-, 758212-, 74766869-, 32267955- (52) , (72) 32592258-, 758212-, 32575361- (55)	72, 23, 72, 23, 72, 23, 72, 72, 72	52, 52, 52, 52, 55, 55, 52, 52, 55	32592252, 26012357, 758212, 74766869, 32267955,31339125, 26012357, 758212, 74766869, 32267955,32592252, 26012357, 758212, 74766869, 27276706,31339125, 26012357, 758212, 74766869, 27276706,32592252, 26012357, 758212, 32575361,31339125, 26012357, 758212, 32575361,32592258, 758212, 74766869, 27276706,32592258, 758212, 74766869, 32267955,32592258, 758212, 32575361	2	626	801	Different	Different	Different
111	gb|KJ865754|+|0-828|ARO:3001606|OXA-415	(71) 32571183-, 5674312+ (158) , (71) 32571183-, 24348369+ (158)	71, 71	158, 158	32571183, 5674312,32571183, 24348369	72	740	828	Different	Different	Different
112	gb|KP096411|+|0-864|ARO:3003181|GES-26	(93) 32422725-, 5613425+ (32) , (93) 32422725-, 32146774- (32)	93, 93	32, 32	32422725, 5613425,32422725, 32146774	94	901	864	Different	Different	Different
113	gb|KP265721.1|+|331-1558|ARO:3004608|EreD	(161) 1761822+ (1387)	161	1387	1761822	162	1332	1227	Different	Different	Different
114	gb|KR091911.1|-|74564-75350|ARO:3002578|AAC(6')-Ib7	0	0	0	0	2	525	786	Different	Different	Different
115	gb|KT736121.1|+|1176-1977|ARO:3001555|OXA-368	(72) 32592252-, 26012357-, 758212-, 74766869-, 32267955- (52) , (23) 31339125-, 26012357-, 758212-, 74766869-, 32267955- (52) , (72) 32592252-, 26012357-, 758212-, 74766869-, 27276706- (52) , (23) 31339125-, 26012357-, 758212-, 74766869-, 27276706- (52) , (72) 32592252-, 26012357-, 758212-, 32575361- (55) , (23) 31339125-, 26012357-, 758212-, 32575361- (55) , (72) 32592258-, 758212-, 74766869-, 27276706- (52) , (72) 32592258-, 758212-, 74766869-, 32267955- (52) , (72) 32592258-, 758212-, 32575361- (55)	72, 23, 72, 23, 72, 23, 72, 72, 72	52, 52, 52, 52, 55, 55, 52, 52, 55	32592252, 26012357, 758212, 74766869, 32267955,31339125, 26012357, 758212, 74766869, 32267955,32592252, 26012357, 758212, 74766869, 27276706,31339125, 26012357, 758212, 74766869, 27276706,32592252, 26012357, 758212, 32575361,31339125, 26012357, 758212, 32575361,32592258, 758212, 74766869, 27276706,32592258, 758212, 74766869, 32267955,32592258, 758212, 32575361	2	626	801	Different	Different	Different
116	gb|L09246|+|543-981|ARO:3002554|AAC(6')-Ig	34689- (421)	421	421	34689	2	366	438	Different	Different	Different
117	gb|L42817|+|201-936|ARO:3000522|ErmG	(82) 2101349- (816)	82	816	2101349	83	761	735	Different	Different	Different
118	gb|LC037981|+|0-801|ARO:3003610|OXA-454	(72) 32592252-, 26012357-, 758212-, 74766869-, 32267955- (52) , (23) 31339125-, 26012357-, 758212-, 74766869-, 32267955- (52) , (72) 32592252-, 26012357-, 758212-, 74766869-, 27276706- (52) , (23) 31339125-, 26012357-, 758212-, 74766869-, 27276706- (52) , (72) 32592252-, 26012357-, 758212-, 32575361- (55) , (23) 31339125-, 26012357-, 758212-, 32575361- (55) , (72) 32592258-, 758212-, 74766869-, 27276706- (52) , (72) 32592258-, 758212-, 74766869-, 32267955- (52) , (72) 32592258-, 758212-, 32575361- (55)	72, 23, 72, 23, 72, 23, 72, 72, 72	52, 52, 52, 52, 55, 55, 52, 52, 55	32592252, 26012357, 758212, 74766869, 32267955,31339125, 26012357, 758212, 74766869, 32267955,32592252, 26012357, 758212, 74766869, 27276706,31339125, 26012357, 758212, 74766869, 27276706,32592252, 26012357, 758212, 32575361,31339125, 26012357, 758212, 32575361,32592258, 758212, 74766869, 27276706,32592258, 758212, 74766869, 32267955,32592258, 758212, 32575361	2	626	801	Different	Different	Different
119	gb|LN873256.1|-|3238-4027|ARO:3004682|aadA27	(172) 96908+, 293994+ (163) , (172) 96908+, 31639+ (163)	172, 172	163, 163	96908, 293994,96908, 31639	173	797	789	Different	Different	Different
120	gb|M17124|+|1181-1982|ARO:3000498|ErmF	(3) 26006141+ (803)	3	803	26006141	4	748	801	Different	Different	Different
121	gb|M18896.2|+|206-2126|ARO:3000190|tetO	(254) 4147608+, 3205126+, 17316950- (60)	254	60	4147608, 3205126, 17316950	255	696	1920	Different	Different	Different
122	gb|M35190.1|+|308-932|ARO:3004454|Campylobacter_coli_chloramphenicol_acetyltransferase	(102) 7014724- (704)	102	704	7014724	103	649	624	Different	Different	Different
123	gb|M37699|+|585-1752|ARO:3000205|tetX	(643) 5620851- (1809)	643	1809	5620851	644	1754	1167	Different	Different	Different
124	gb|M55620|+|0-660|ARO:3002687|catQ	(393) 5986788- (1052)	393	1052	5986788	394	997	660	Different	Different	Different
125	gb|M72415.1|+|1120-1984|ARO:3004683|aadS	(3254) 18574655-, 224504+ (836) , (86) 3210281-, 224504+ (836)	3254, 86	836, 836	18574655, 224504,3210281, 224504	2	781	864	Different	Different	Different
126	gb|M95287.4|+|2455-3283|ARO:3001397|OXA-2	(71) 32571183-, 5674312+ (158) , (71) 32571183-, 24348369+ (158)	71, 71	158, 158	32571183, 5674312,32571183, 24348369	72	740	828	Different	Different	Different
127	gb|NC_008618.1|-|1667063-1670624|ARO:3004480|Bifidobacterium_adolescentis_rpoB_conferring_resistance_to_rifampicin	(2940) 5663829+ (6500)	2940	6500	5663829	2941	6445	3561	Different	Different	Different
128	gb|U00096.3|-|3203309-3204131|ARO:3002986|bacA	(1167) 840686+ (1986) , 6909904+ (775)	1167, 775	1986, 775	840686,6909904	1168	1931	822	Different	Different	Different
129	gb|U00096.3|-|721055-721733|ARO:3003841|kdpE	(98) 31522874- (775)	98	775	31522874	99	720	678	Different	Different	Different
130	gb|U00096|+|2367070-2368039|ARO:3003578|pmrF	(360) 459768+ (1328)	360	1328	459768	361	1273	969	Different	Different	Different
131	gb|U12338|+|5055-5520|ARO:3002528|AAC(3)-Ia	(71) 402256+ (535)	71	535	402256	72	480	465	Different	Different	Different
132	gb|U59183|+|247-859|ARO:3002581|AAC(6')-Ib10	(77) 36782492-, 3274129-, 60915537-, 2728545- (580) , (49) 25779977-, 60915537-, 2728545- (580) , (14) 24065316+, 3274129-, 60915537-, 2728545- (580)	77, 49, 14	580, 580, 580	36782492, 3274129, 60915537, 2728545,25779977, 60915537, 2728545,24065316, 3274129, 60915537, 2728545	2	525	612	Different	Different	Different
133	gb|U59183|+|939-1740|ARO:3001408|OXA-13	(72) 32592258-, 758212-, 74766869- (55) , (72) 32592258-, 758212-, 32575361- (55) , (72) 32592252-, 26012357-, 758212-, 74766869- (55) , (72) 32592252-, 26012357-, 758212-, 32575361- (55) , (23) 31339125-, 26012357-, 758212-, 74766869- (55) , (23) 31339125-, 26012357-, 758212-, 32575361- (55)	72, 72, 72, 72, 23, 23	55, 55, 55, 55, 55, 55	32592258, 758212, 74766869,32592258, 758212, 32575361,32592252, 26012357, 758212, 74766869,32592252, 26012357, 758212, 32575361,31339125, 26012357, 758212, 74766869,31339125, 26012357, 758212, 32575361	2	626	801	Different	Different	Different
134	gb|U63835|+|127-955|ARO:3001410|OXA-15	(71) 32571183-, 5674312+ (158) , (71) 32571183-, 24348369+ (158)	71, 71	158, 158	32571183, 5674312,32571183, 24348369	72	740	828	Different	Different	Different
135	gb|X02340.1|+|222-1194|ARO:3004089|ANT(3'')-IIa	0	0	0	0	2	380	972	Different	Different	Different
136	gb|X07753|+|102-882|ARO:3002652|APH(3')-VIa	(180) 6903442+, 506744- (243) , (180) 6903442+, 86408359- (241)	180, 180	243, 241	6903442, 506744,6903442, 86408359	181	716	780	Different	Different	Different
137	gb|X13543.1|+|185-1046|ARO:3002533|AAC(3)-IIa	(130) 605844+ (990)	130	990	605844	131	935	861	Different	Different	Different
138	gb|X75562|+|134-935|ARO:3001402|OXA-7	(72) 32592258-, 758212-, 74766869- (55) , (72) 32592258-, 758212-, 32575361- (55) , (72) 32592252-, 26012357-, 758212-, 74766869- (55) , (72) 32592252-, 26012357-, 758212-, 32575361- (55) , (23) 31339125-, 26012357-, 758212-, 74766869- (55) , (23) 31339125-, 26012357-, 758212-, 32575361- (55)	72, 72, 72, 72, 23, 23	55, 55, 55, 55, 55, 55	32592258, 758212, 74766869,32592258, 758212, 32575361,32592252, 26012357, 758212, 74766869,32592252, 26012357, 758212, 32575361,31339125, 26012357, 758212, 74766869,31339125, 26012357, 758212, 32575361	2	626	801	Different	Different	Different
139	gb|Z21523|+|0-1974|ARO:3000191|tetQ	(142) 4764923-, 2707722+, 11583809+, 43494081-, 43494077+, 3922650- (68) , (142) 4764923-, 2707722+, 11583809+, 43494081-, 43494077+, 5665756- (55) , (1106) 1240540-, 2707722+, 11583809+, 43494081-, 43494077+, 3922650- (68) , (1106) 1240540-, 2707722+, 11583809+, 43494081-, 43494077+, 5665756- (55) , (142) 4764923-, 2707722+, 11583809+, 32331787+ (80) , (1106) 1240540-, 2707722+, 11583809+, 32331787+ (80) , (142) 4764923-, 2707722+, 5350057-, 5350055+, 24112660+, 43494077+ , 2707722+, 5350057-, 5350055+, 24112660+, 43494077+, 3922650- (68) , 2707722+, 5350057-, 5350055+, 24112660+, 43494077+, 5665756- (55) , (1106) 1240540-, 2707722+, 5350057-, 5350055+, 24112660+, 43494077+ , (142) 4764923-, 2707722+, 5350057-, 31491341+ (202) , (1106) 1240540-, 2707722+, 5350057-, 31491341+ (202) , (142) 4764923-, 2707722+, 5350057-, 5350055+, 31491343+ (194) , (1106) 1240540-, 2707722+, 5350057-, 5350055+, 31491343+ (194)	142, 142, 1106, 1106, 142, 1106, 142, 68, 55, 1106, 142, 1106, 142, 1106	68, 55, 68, 55, 80, 80, 43494077, 68, 55, 43494077, 202, 202, 194, 194	4764923, 2707722, 11583809, 43494081, 43494077, 3922650,4764923, 2707722, 11583809, 43494081, 43494077, 5665756,1240540, 2707722, 11583809, 43494081, 43494077, 3922650,1240540, 2707722, 11583809, 43494081, 43494077, 5665756,4764923, 2707722, 11583809, 32331787,1240540, 2707722, 11583809, 32331787,4764923, 2707722, 5350057, 5350055, 24112660, 43494077,2707722, 5350057, 5350055, 24112660, 43494077, 3922650,2707722, 5350057, 5350055, 24112660, 43494077, 5665756,1240540, 2707722, 5350057, 5350055, 24112660, 43494077,4764923, 2707722, 5350057, 31491341,1240540, 2707722, 5350057, 31491341,4764923, 2707722, 5350057, 5350055, 31491343,1240540, 2707722, 5350057, 5350055, 31491343	2	1708	1974	Different	Different	Different
140	gb|Z22590|+|154-955|ARO:3001406|OXA-11	(72) 32592252-, 26012357-, 758212-, 74766869-, 32267955- (52) , (23) 31339125-, 26012357-, 758212-, 74766869-, 32267955- (52) , (72) 32592252-, 26012357-, 758212-, 74766869-, 27276706- (52) , (23) 31339125-, 26012357-, 758212-, 74766869-, 27276706- (52) , (72) 32592252-, 26012357-, 758212-, 32575361- (55) , (23) 31339125-, 26012357-, 758212-, 32575361- (55) , (72) 32592258-, 758212-, 74766869-, 27276706- (52) , (72) 32592258-, 758212-, 74766869-, 32267955- (52) , (72) 32592258-, 758212-, 32575361- (55)	72, 23, 72, 23, 72, 23, 72, 72, 72	52, 52, 52, 52, 55, 55, 52, 52, 55	32592252, 26012357, 758212, 74766869, 32267955,31339125, 26012357, 758212, 74766869, 32267955,32592252, 26012357, 758212, 74766869, 27276706,31339125, 26012357, 758212, 74766869, 27276706,32592252, 26012357, 758212, 32575361,31339125, 26012357, 758212, 32575361,32592258, 758212, 74766869, 27276706,32592258, 758212, 74766869, 32267955,32592258, 758212, 32575361	2	626	801	Different	Different	Different
