	index_x	Query	Path_Bandage	index_y	Path_GraphAligner	Equal	Query_Not_Bandage	Query_Not_GraphAligner
0	145.0	gb|AB023477|+|0-861|ARO:3001082|SHV-24	5151	132.0	5151	yes	no	no
1	385.0	gb|AB049569|+|0-861|ARO:3000958|TEM-91	5967	372.0	5967	yes	no	no
2	182.0	gb|AB302939|+|8-869|ARO:3001115|SHV-60	5151	169.0	5151	yes	no	no
3	77.0	gb|AB372881|+|8-869|ARO:3001160|SHV-111	5151	64.0	5151	yes	no	no
4	91.0	gb|AB551737|+|14-875|ARO:3001177|SHV-133	5151	78.0	5151	yes	no	no
5	315.0	gb|AB700703|+|161-1022|ARO:3001057|TEM-198	5967	302.0	5967	yes	no	no
6	123.0	gb|AB733453|+|3-849|ARO:3001204|SHV-167	5151	110.0	5151	yes	no	no
7	43.0	gb|AF024602|+|3155-3992|ARO:3002660|APH(6)-Id	5093	31.0	5093	yes	no	no
8	4.0	gb|AF043381|+|251-863|ARO:3002580|AAC(6')-Ib9	7593	5.0	7593	yes	no	no
9	359.0	gb|AF047171|+|135-996|ARO:3000929|TEM-60	5967	346.0	5967	yes	no	no
10	30.0	gb|AF047479|+|1295-2087|ARO:3002603|aadA3	7593	22.0	7591	no	no	no
11	29.0	gb|AF047479|+|1295-2087|ARO:3002603|aadA3	7591	22.0	7591	yes	no	no
12	358.0	gb|AF062386|+|30-862|ARO:3000928|TEM-59	5967	345.0	5967	yes	no	no
13	125.0	gb|AF072684|+|117-993|ARO:3001075|SHV-16	5151	112.0	5151	yes	no	no
14	37.0	gb|AF078527|+|3769-4303|ARO:3000230|ANT(2'')-Ia	20959	26.0	20959	yes	no	no
15	361.0	gb|AF091113|+|450-1311|ARO:3000934|TEM-67	5967	348.0	5967	yes	no	no
16	232.0	gb|AF093512|+|197-1058|ARO:3000882|TEM-10	5967	219.0	5967	yes	no	no
17	354.0	gb|AF104441|+|193-1054|ARO:3000922|TEM-53	5967	341.0	5967	yes	no	no
18	355.0	gb|AF104442|+|193-1054|ARO:3000923|TEM-54	5967	342.0	5967	yes	no	no
19	139.0	gb|AF117743|+|0-780|ARO:3001077|SHV-19	5151	126.0	5151	yes	no	no
20	141.0	gb|AF117744|+|0-780|ARO:3001078|SHV-20	5151	128.0	5151	yes	no	no
21	142.0	gb|AF117745|+|0-780|ARO:3001079|SHV-21	5151	129.0	5151	yes	no	no
22	143.0	gb|AF117746|+|0-780|ARO:3001080|SHV-22	5151	130.0	5151	yes	no	no
23	144.0	gb|AF117747|+|0-780|ARO:3001081|SHV-23	5151	131.0	5151	yes	no	no
24	138.0	gb|AF132290|+|87-948|ARO:3001076|SHV-18	5151	125.0	5151	yes	no	no
25	386.0	gb|AF143804|+|0-861|ARO:3000959|TEM-92	5967	373.0	5967	yes	no	no
26	152.0	gb|AF148851|+|5-866|ARO:3001060|SHV-2	5151	139.0	5151	yes	no	no
27	28.0	gb|AF156486|+|5012-5792|ARO:3002602|aadA2	7593	21.0	7591	no	no	no
28	27.0	gb|AF156486|+|5012-5792|ARO:3002602|aadA2	7591	21.0	7591	yes	no	no
29	366.0	gb|AF157553|+|147-1008|ARO:3000938|TEM-72	5967	353.0	5967	yes	no	no
30	95.0	gb|AF164577|+|0-861|ARO:3001072|SHV-13	5151	82.0	5151	yes	no	no
31	364.0	gb|AF188199|+|214-1075|ARO:3000936|TEM-70	5967	351.0	5967	yes	no	no
32	371.0	gb|AF190692|+|208-1069|ARO:3000946|TEM-79	5967	358.0	5967	yes	no	no
33	370.0	gb|AF190693|+|208-1069|ARO:3000944|TEM-78	5967	357.0	5967	yes	no	no
34	369.0	gb|AF190694|+|208-1069|ARO:3000942|TEM-76	5967	356.0	5967	yes	no	no
35	365.0	gb|AF203816|+|210-1071|ARO:3000937|TEM-71	5967	352.0	5967	yes	no	no
36	146.0	gb|AF208796|+|0-861|ARO:3001083|SHV-25	5151	133.0	5151	yes	no	no
37	105.0	gb|AF226622|+|54-915|ARO:3001073|SHV-14	5151	92.0	5151	yes	no	no
38	147.0	gb|AF227204|+|73-934|ARO:3001084|SHV-26	5151	134.0	5151	yes	no	no
39	380.0	gb|AF250872|+|0-861|ARO:3000954|TEM-87	5967	367.0	5967	yes	no	no
40	148.0	gb|AF293345|+|0-861|ARO:3001085|SHV-27	5151	135.0	5151	yes	no	no
41	149.0	gb|AF299299|+|0-861|ARO:3001086|SHV-28	5151	136.0	5151	yes	no	no
42	150.0	gb|AF301532|+|7-868|ARO:3001087|SHV-29	5151	137.0	5151	yes	no	no
43	42.0	gb|AF313472|+|15593-16397|ARO:3002639|APH(3'')-Ib	5093	30.0	5093	yes	no	no
44	360.0	gb|AF332513|+|103-964|ARO:3000931|TEM-63	5967	347.0	5967	yes	no	no
45	373.0	gb|AF347054|+|208-1069|ARO:3000947|TEM-80	5967	360.0	5967	yes	no	no
46	384.0	gb|AF351241|+|89-950|ARO:3000957|TEM-90	5967	371.0	5967	yes	no	no
47	374.0	gb|AF427127|+|208-1069|ARO:3000948|TEM-81	5967	361.0	5967	yes	no	no
48	375.0	gb|AF427128|+|208-1069|ARO:3000949|TEM-82	5967	362.0	5967	yes	no	no
49	376.0	gb|AF427129|+|208-1069|ARO:3000950|TEM-83	5967	363.0	5967	yes	no	no
50	377.0	gb|AF427130|+|208-1069|ARO:3000951|TEM-84	5967	364.0	5967	yes	no	no
51	3.0	gb|AF445082|+|2788-3343|ARO:3002577|AAC(6')-Ib4	7593	4.0	7593	yes	no	no
52	159.0	gb|AF467947|+|0-861|ARO:3001094|SHV-36	5151	146.0	5151	yes	no	no
53	160.0	gb|AF467948|+|0-861|ARO:3001095|SHV-37	5151	147.0	5151	yes	no	no
54	234.0	gb|AF468003|+|0-861|ARO:3000974|TEM-111	5967	221.0	5967	yes	no	no
55	224.0	gb|AF495873|+|0-861|ARO:3000964|TEM-101	5967	211.0	5967	yes	no	no
56	230.0	gb|AF506748|+|38-899|ARO:3000971|TEM-108	5967	217.0	5967	yes	no	no
57	226.0	gb|AF516719|+|214-1075|ARO:3000967|TEM-104	5967	213.0	5967	yes	no	no
58	227.0	gb|AF516720|+|214-1075|ARO:3000968|TEM-105	5967	214.0	5967	yes	no	no
59	372.0	gb|AF527798.1|+|0-785|ARO:3000879|TEM-7	5967			no	no	yes
60	238.0	gb|AF535127|+|208-1069|ARO:3000978|TEM-115	5967	225.0	5967	yes	no	no
61	163.0	gb|AF535128|+|0-861|ARO:3001098|SHV-40	5151	150.0	5151	yes	no	no
62	164.0	gb|AF535129|+|0-861|ARO:3001099|SHV-41	5151	151.0	5151	yes	no	no
63	165.0	gb|AF535130|+|0-861|ARO:3001100|SHV-42	5151	152.0	5151	yes	no	no
64	168.0	gb|AF547625|+|0-861|ARO:3001103|SHV-45	5151	155.0	5151	yes	no	no
65	35.0	gb|AF550679.1|-|80976-81768|ARO:3002601|aadA	7593	25.0	7593	yes	no	no
66	36.0	gb|AF550679.1|-|80976-81768|ARO:3002601|aadA	7591	25.0	7593	no	no	no
67	221.0	gb|AHLO01000073.1|+|63138-63558|ARO:3004661|Staphylococcus_aureus_FosB	2925	208.0	2925	yes	no	no
68	116.0	gb|AJ011428|+|0-861|ARO:3001074|SHV-15	5151	103.0	5151	yes	no	no
69	58.0	gb|AJ011502.1|+|300-1425|ARO:3004122|Klebsiella_pneumoniae_OmpK37	4387	46.0	4387	yes	no	no
70	367.0	gb|AJ012256|+|208-1069|ARO:3000939|TEM-73	5967	354.0	5967	yes	no	no
71	362.0	gb|AJ239002|+|0-861|ARO:3000935|TEM-68	5967	349.0	5967	yes	no	no
72	378.0	gb|AJ277414|+|0-861|ARO:3000952|TEM-85	5967	365.0	5967	yes	no	no
73	379.0	gb|AJ277415|+|0-861|ARO:3000953|TEM-86	5967	366.0	5967	yes	no	no
74	389.0	gb|AJ308558|+|181-1042|ARO:3000962|TEM-95	5967	376.0	5967	yes	no	no
75	387.0	gb|AJ318093|+|0-861|ARO:3000960|TEM-93	5967	374.0	5967	yes	no	no
76	388.0	gb|AJ318094|+|0-861|ARO:3000961|TEM-94	5967	375.0	5967	yes	no	no
77	341.0	gb|AJ437107|+|208-1069|ARO:3000900|TEM-30	5967	328.0	5967	yes	no	no
78	259.0	gb|AJ634602.1|-|7839-8700|ARO:3000999|TEM-135	5967	246.0	5967	yes	no	no
79	252.0	gb|AJ746225|+|0-861|ARO:3000993|TEM-129	5967	239.0	5967	yes	no	no
80	21.0	gb|AJ809407|+|118-898|ARO:3002620|aadA23	7593	18.0	7593	yes	no	no
81	22.0	gb|AJ809407|+|118-898|ARO:3002620|aadA23	7591	18.0	7593	no	no	no
82	177.0	gb|AJ863560|+|0-861|ARO:3001111|SHV-55	5151	164.0	5151	yes	no	no
83	183.0	gb|AJ866284|+|0-861|ARO:3001116|SHV-61	5151	170.0	5151	yes	no	no
84	184.0	gb|AJ866285|+|0-861|ARO:3001117|SHV-62	5151	171.0	5151	yes	no	no
85	254.0	gb|AJ866988|+|0-861|ARO:3000994|TEM-130	5967	241.0	5967	yes	no	no
86	90.0	gb|AJ920369|+|23-860|ARO:3001071|SHV-12	5151	77.0	5151	yes	no	no
87	318.0	gb|AL513383|+|161910-162771|ARO:3000873|TEM-1	5967	305.0	5967	yes	no	no
88	32.0	gb|AM040708.1|+|1173-1965|ARO:3004704|aadA8b	7593	23.0	7591	no	no	no
89	31.0	gb|AM040708.1|+|1173-1965|ARO:3004704|aadA8b	7591	23.0	7591	yes	no	no
90	267.0	gb|AM049399|+|0-861|ARO:3001007|TEM-144	5967	254.0	5967	yes	no	no
91	207.0	gb|AM087453|+|25-856|ARO:3001138|SHV-84	5151	194.0	5151	yes	no	no
92	271.0	gb|AM087454|+|208-1069|ARO:3001015|TEM-148	5967	258.0	5967	yes	no	no
93	193.0	gb|AM176546|+|0-861|ARO:3001125|SHV-71	5151	180.0	5151	yes	no	no
94	194.0	gb|AM176547|+|30-891|ARO:3001126|SHV-72	5151	181.0	5151	yes	no	no
95	195.0	gb|AM176548|+|16-874|ARO:3001127|SHV-73	5151	182.0	5151	yes	no	no
96	196.0	gb|AM176549|+|30-891|ARO:3001128|SHV-74	5151	183.0	5151	yes	no	no
97	197.0	gb|AM176550|+|30-891|ARO:3001129|SHV-75	5151	184.0	5151	yes	no	no
98	198.0	gb|AM176551|+|30-891|ARO:3001130|SHV-76	5151	185.0	5151	yes	no	no
99	199.0	gb|AM176552|+|30-891|ARO:3001131|SHV-77	5151	186.0	5151	yes	no	no
100	200.0	gb|AM176553|+|30-891|ARO:3001132|SHV-78	5151	187.0	5151	yes	no	no
101	201.0	gb|AM176554|+|30-891|ARO:3001133|SHV-79	5151	188.0	5151	yes	no	no
102	203.0	gb|AM176555|+|0-861|ARO:3001134|SHV-80	5151	190.0	5151	yes	no	no
103	204.0	gb|AM176556|+|25-886|ARO:3001135|SHV-81	5151	191.0	5151	yes	no	no
104	205.0	gb|AM176557|+|0-861|ARO:3001136|SHV-82	5151	192.0	5151	yes	no	no
105	206.0	gb|AM176558|+|0-861|ARO:3001137|SHV-83	5151	193.0	5151	yes	no	no
106	273.0	gb|AM183304|+|208-1069|ARO:3001017|TEM-150	5967	260.0	5967	yes	no	no
107	19.0	gb|AM261837|+|73-865|ARO:3002619|aadA22	7593	17.0	7593	yes	no	no
108	20.0	gb|AM261837|+|73-865|ARO:3002619|aadA22	7591	17.0	7593	no	no	no
109	261.0	gb|AM286274|+|0-861|ARO:3001001|TEM-137	5967	248.0	5967	yes	no	no
110	283.0	gb|AM849805|+|262-1123|ARO:3000886|TEM-15	5967	270.0	5967	yes	no	no
111	279.0	gb|AM941159|+|208-1069|ARO:3001022|TEM-156	5967	266.0	5967	yes	no	no
112	218.0	gb|AM941844|+|0-861|ARO:3001336|SHV-98	5151	205.0	5151	yes	no	no
113	219.0	gb|AM941845|+|0-861|ARO:3001337|SHV-99	5151	206.0	5151	yes	no	no
114	72.0	gb|AM941847|+|0-861|ARO:3001155|SHV-106	5151	59.0	5151	yes	no	no
115	73.0	gb|AM941848|+|0-861|ARO:3001156|SHV-107	5151	60.0	5151	yes	no	no
116	391.0	gb|AM990992.1|-|1001760-1003680|ARO:3000186|tetM	1107	378.0	1107	yes	no	no
117	49.0	gb|AP009048|-|4338624-4340268|ARO:3003576|eptA	7505	37.0	7505	yes	no	no
118	54.0	gb|AP012030.1|-|395553-396711|ARO:3004612|Escherichia_coli_ampH	33403	42.0	33403	yes	no	no
119	381.0	gb|AY027590|+|112-973|ARO:3000955|TEM-88	5967	368.0	5967	yes	no	no
120	157.0	gb|AY036620|+|88-949|ARO:3001092|SHV-34	5151	144.0	5151	yes	no	no
121	155.0	gb|AY037778|+|91-952|ARO:3001090|SHV-32	5151	142.0	5151	yes	no	no
122	382.0	gb|AY039040|+|188-1022|ARO:3000956|TEM-89	5967	369.0	5967	yes	no	no
123	225.0	gb|AY040093|+|68-929|ARO:3000965|TEM-102	5967	212.0	5967	yes	no	no
124	223.0	gb|AY055428.1|-|20268-21084|ARO:3000412|sul2	15353	210.0	15353	yes	no	no
125	166.0	gb|AY065991|+|6-867|ARO:3001101|SHV-43	5151	153.0	5151	yes	no	no
126	158.0	gb|AY070258|+|0-861|ARO:3001093|SHV-35	5151	145.0	5151	yes	no	no
127	233.0	gb|AY072920|+|0-861|ARO:3000973|TEM-110	5967	220.0	5967	yes	no	no
128	161.0	gb|AY079099|+|148-1009|ARO:3001096|SHV-38	5151	148.0	5151	yes	no	no
129	390.0	gb|AY092401|+|0-861|ARO:3000963|TEM-96	5967	377.0	5967	yes	no	no
130	228.0	gb|AY101578|+|214-1075|ARO:3000969|TEM-106	5967	215.0	5967	yes	no	no
131	229.0	gb|AY101764|+|206-1067|ARO:3000970|TEM-107	5967	216.0	5967	yes	no	no
132	240.0	gb|AY130282|+|0-764|ARO:3000980|TEM-117	5967			no	no	yes
133	368.0	gb|AY130284|+|0-785|ARO:3000941|TEM-75	5967			no	no	yes
134	241.0	gb|AY130285|+|0-785|ARO:3000981|TEM-118	5967			no	no	yes
135	1.0	gb|AY136758|+|377-947|ARO:3002582|AAC(6')-Ib11	7593	2.0	7593	yes	no	no
136	33.0	gb|AY139603|+|106-898|ARO:3002608|aadA8	7591	24.0	7591	yes	no	no
137	34.0	gb|AY139603|+|106-898|ARO:3002608|aadA8	7593	24.0	7591	no	no	no
138	17.0	gb|AY171244|+|46-838|ARO:3002618|aadA21	7593	16.0	7593	yes	no	no
139	18.0	gb|AY171244|+|46-838|ARO:3002618|aadA21	7591	16.0	7593	no	no	no
140	169.0	gb|AY210887|+|111-972|ARO:3001104|SHV-46	5151	156.0	5151	yes	no	no
141	179.0	gb|AY223863|+|170-1031|ARO:3001113|SHV-57	5151	166.0	5151	yes	no	no
142	243.0	gb|AY243512|+|208-1069|ARO:3000982|TEM-120	5967	230.0	5967	yes	no	no
143	167.0	gb|AY259119|+|116-977|ARO:3001102|SHV-44	5151	154.0	5151	yes	no	no
144	170.0	gb|AY263404|+|0-861|ARO:3001105|SHV-48	5151	157.0	5151	yes	no	no
145	244.0	gb|AY271267|+|0-861|ARO:3000983|TEM-121	5967	231.0	5967	yes	no	no
146	154.0	gb|AY277255|+|66-927|ARO:3001089|SHV-31	5151	141.0	5151	yes	no	no
147	173.0	gb|AY288915|+|0-861|ARO:3001107|SHV-50	5151	160.0	5151	yes	no	no
148	174.0	gb|AY289548|+|0-861|ARO:3001108|SHV-51	5151	161.0	5151	yes	no	no
149	245.0	gb|AY307100|+|0-861|ARO:3000984|TEM-122	5967	232.0	5967	yes	no	no
150	246.0	gb|AY327539|+|0-858|ARO:3000985|TEM-123	5967	233.0	5967	yes	no	no
151	247.0	gb|AY327540|+|0-858|ARO:3000986|TEM-124	5967	234.0	5967	yes	no	no
152	250.0	gb|AY368236|+|0-861|ARO:3000989|TEM-127	5967	237.0	5967	yes	no	no
153	251.0	gb|AY368237|+|0-861|ARO:3000990|TEM-128	5967	238.0	5967	yes	no	no
154	255.0	gb|AY436361|+|131-992|ARO:3000995|TEM-131	5967	242.0	5967	yes	no	no
155	256.0	gb|AY491682|+|0-861|ARO:3000996|TEM-132	5967	243.0	5967	yes	no	no
156	257.0	gb|AY528425|+|0-861|ARO:3000997|TEM-133	5967	244.0	5967	yes	no	no
157	171.0	gb|AY528718|+|413-1274|ARO:3001106|SHV-49	5151	158.0	5151	yes	no	no
158	258.0	gb|AY574271|+|0-861|ARO:3000998|TEM-134	5967	245.0	5967	yes	no	no
159	235.0	gb|AY589493|+|166-1027|ARO:3000975|TEM-112	5967	222.0	5967	yes	no	no
160	236.0	gb|AY589494|+|193-1054|ARO:3000976|TEM-113	5967	223.0	5967	yes	no	no
161	237.0	gb|AY589495|+|181-1042|ARO:3000977|TEM-114	5967	224.0	5967	yes	no	no
162	176.0	gb|AY590467|+|0-729|ARO:3001110|SHV-53	5151			no	no	yes
163	231.0	gb|AY628175|+|210-1071|ARO:3000972|TEM-109	5967	218.0	5967	yes	no	no
164	248.0	gb|AY628176|+|75-936|ARO:3000987|TEM-125	5967	235.0	5967	yes	no	no
165	249.0	gb|AY628199|+|203-1064|ARO:3000988|TEM-126	5967	236.0	5967	yes	no	no
166	8.0	gb|AY660529.1|+|121-676|ARO:3003676|AAC(6')-Ib'	7593	10.0	7593	yes	no	no
167	153.0	gb|AY661885|+|48-909|ARO:3001088|SHV-30	5151	140.0	5151	yes	no	no
168	180.0	gb|AY790341|+|0-861|ARO:3001114|SHV-59	5151	167.0	5151	yes	no	no
169	260.0	gb|AY826417|+|0-861|ARO:3001000|TEM-136	5967	247.0	5967	yes	no	no
170	262.0	gb|AY853593|+|214-1075|ARO:3001002|TEM-138	5967	249.0	5967	yes	no	no
171	242.0	gb|AY874537|+|177-1038|ARO:3000883|TEM-11	5967	229.0	5967	yes	no	no
172	264.0	gb|AY956335|+|38-899|ARO:3001004|TEM-141	5967	251.0	5967	yes	no	no
173	60.0	gb|BA000018.3|+|48893-49265|ARO:3000124|mecI	32799	48.0	32799	yes	no	no
174	41.0	gb|BX664015.1|-|103017-103833|ARO:3002641|APH(3')-Ia	2645, 23479	29.0	264522251	no	no	no
175	40.0	gb|BX664015.1|-|103017-103833|ARO:3002641|APH(3')-Ia	2645, 22251	29.0	264522251	no	no	no
176	61.0	gb|CP000703.1|+|40848-42606|ARO:3000215|mecR1	32799	49.0	32799	yes	no	no
177	26.0	gb|CP003022|+|336788-337580|ARO:3003197|aadA25	7593	20.0	7591	no	no	no
178	25.0	gb|CP003022|+|336788-337580|ARO:3003197|aadA25	7591	20.0	7591	yes	no	no
179	65.0	gb|D16171|+|382-1042|ARO:3002689|plasmid-encoded_cat_(pp-cat)	77	52.0	77	yes	no	no
180	192.0	gb|DQ013287|+|0-861|ARO:3001124|SHV-70	5151	179.0	5151	yes	no	no
181	263.0	gb|DQ072853|+|0-861|ARO:3001003|TEM-139	5967	250.0	5967	yes	no	no
182	266.0	gb|DQ075245|+|217-1078|ARO:3001006|TEM-143	5967	253.0	5967	yes	no	no
183	268.0	gb|DQ105528|+|0-861|ARO:3001012|TEM-145	5967	255.0	5967	yes	no	no
184	269.0	gb|DQ105529|+|0-861|ARO:3001013|TEM-146	5967	256.0	5967	yes	no	no
185	186.0	gb|DQ174304|+|4-865|ARO:3001119|SHV-64	5151	173.0	5151	yes	no	no
186	187.0	gb|DQ174305|+|4-865|ARO:3001120|SHV-65	5151	174.0	5151	yes	no	no
187	188.0	gb|DQ174306|+|4-865|ARO:3001121|SHV-66	5151	175.0	5151	yes	no	no
188	189.0	gb|DQ174307|+|4-865|ARO:3001122|SHV-67	5151	176.0	5151	yes	no	no
189	190.0	gb|DQ174308|+|4-865|ARO:3001123|SHV-69	5151	177.0	5151	yes	no	no
190	210.0	gb|DQ193536|+|0-861|ARO:3001141|SHV-89	5151	197.0	5151	yes	no	no
191	270.0	gb|DQ279850|+|0-861|ARO:3001014|TEM-147	5967	257.0	5967	yes	no	no
192	356.0	gb|DQ286729|+|0-861|ARO:3000924|TEM-55	5967	343.0	5967	yes	no	no
193	5.0	gb|DQ303918|+|0-600|ARO:3002547|AAC(6')-Ib-cr	7593	7.0	7593	yes	no	no
194	208.0	gb|DQ322460|+|15-876|ARO:3001139|SHV-85	5151	195.0	5151	yes	no	no
195	209.0	gb|DQ328802|+|0-861|ARO:3001140|SHV-86	5151	196.0	5151	yes	no	no
196	272.0	gb|DQ369751|+|0-861|ARO:3001016|TEM-149	5967	259.0	5967	yes	no	no
197	265.0	gb|DQ388882|+|0-861|ARO:3001005|TEM-142	5967	252.0	5967	yes	no	no
198	14.0	gb|DQ393783|+|1799-2591|ARO:3002615|aadA15	7591	14.0	7593	no	no	no
199	13.0	gb|DQ393783|+|1799-2591|ARO:3002615|aadA15	7593	14.0	7593	yes	no	no
200	24.0	gb|DQ677333|+|0-780|ARO:3002621|aadA24	7591	19.0	7593	no	no	no
201	23.0	gb|DQ677333|+|0-780|ARO:3002621|aadA24	7593	19.0	7593	yes	no	no
202	278.0	gb|DQ679961|+|114-975|ARO:3001021|TEM-155	5967	265.0	5967	yes	no	no
203	275.0	gb|DQ834728|+|205-1066|ARO:3001019|TEM-152	5967	262.0	5967	yes	no	no
204	274.0	gb|DQ834729|+|205-1066|ARO:3001018|TEM-151	5967	261.0	5967	yes	no	no
205	212.0	gb|DQ836922|+|0-861|ARO:3001144|SHV-92	5151	199.0	5151	yes	no	no
206	280.0	gb|DQ909059|+|0-861|ARO:3001023|TEM-157	5967	267.0	5967	yes	no	no
207	282.0	gb|EF136376|+|0-861|ARO:3001025|TEM-159	5967	269.0	5967	yes	no	no
208	284.0	gb|EF136377|+|0-861|ARO:3001026|TEM-160	5967	271.0	5967	yes	no	no
209	213.0	gb|EF373969|+|0-861|ARO:3001145|SHV-93	5151	200.0	5151	yes	no	no
210	214.0	gb|EF373970|+|0-861|ARO:3001146|SHV-94	5151	201.0	5151	yes	no	no
211	216.0	gb|EF373971|+|0-861|ARO:3001148|SHV-96	5151	203.0	5151	yes	no	no
212	215.0	gb|EF373972|+|0-861|ARO:3001147|SHV-95	5151	202.0	5151	yes	no	no
213	217.0	gb|EF373973|+|0-861|ARO:3001149|SHV-97	5151	204.0	5151	yes	no	no
214	285.0	gb|EF468463|+|66-927|ARO:3001028|TEM-162	5967	272.0	5967	yes	no	no
215	281.0	gb|EF534736|+|213-1074|ARO:3001024|TEM-158	5967	268.0	5967	yes	no	no
216	68.0	gb|EU024485|+|0-861|ARO:3001151|SHV-102	5151	55.0	5151	yes	no	no
217	69.0	gb|EU032604|+|0-861|ARO:3001152|SHV-103	5151	56.0	5151	yes	no	no
218	9.0	gb|EU085533|+|0-519|ARO:3002591|AAC(6')-Ib-Suzhou	7593	11.0	7593	yes	no	no
219	67.0	gb|EU155018|+|0-861|ARO:3001150|SHV-101	5151	54.0	5151	yes	no	no
220	287.0	gb|EU274580|+|214-1075|ARO:3001030|TEM-164	5967	274.0	5967	yes	no	no
221	70.0	gb|EU274581|+|0-861|ARO:3001153|SHV-104	5151	57.0	5151	yes	no	no
222	185.0	gb|EU342351|+|172-1033|ARO:3001118|SHV-63	5151	172.0	5151	yes	no	no
223	75.0	gb|EU418913|+|16-877|ARO:3001158|SHV-109	5151	62.0	5151	yes	no	no
224	178.0	gb|EU586041|+|0-861|ARO:3001112|SHV-56	5151	165.0	5151	yes	no	no
225	286.0	gb|EU815939|+|0-861|ARO:3001029|TEM-163	5967	273.0	5967	yes	no	no
226	71.0	gb|FJ194944|+|46-907|ARO:3001154|SHV-105	5151	58.0	5151	yes	no	no
227	288.0	gb|FJ197316|+|0-861|ARO:3001032|TEM-166	5967	275.0	5967	yes	no	no
228	289.0	gb|FJ360884|+|213-1074|ARO:3001033|TEM-167	5967	276.0	5967	yes	no	no
229	12.0	gb|FJ381668|+|56-848|ARO:3002612|aadA12	7593	13.0	7593	yes	no	no
230	11.0	gb|FJ381668|+|56-848|ARO:3002612|aadA12	7591	13.0	7593	no	no	no
231	357.0	gb|FJ405211|+|0-861|ARO:3000926|TEM-57	5967	344.0	5967	yes	no	no
232	16.0	gb|FJ460181|+|1790-2582|ARO:3002617|aadA17	7593	15.0	7591	no	no	no
233	15.0	gb|FJ460181|+|1790-2582|ARO:3002617|aadA17	7591	15.0	7591	yes	no	no
234	7.0	gb|FJ503047|+|0-519|ARO:3002592|AAC(6')-Ib-Hangzhou	7593	9.0	7593	yes	no	no
235	140.0	gb|FJ668814|+|76-937|ARO:3001059|SHV-1	5151	127.0	5151	yes	no	no
236	277.0	gb|FJ807656|+|0-861|ARO:3001020|TEM-154	5967	264.0	5967	yes	no	no
237	2.0	gb|FJ854362|+|1702-2257|ARO:3002576|AAC(6')-Ib3	7593	3.0	7593	yes	no	no
238	291.0	gb|FJ873740|+|0-858|ARO:3001035|TEM-169	5967	278.0	5967	yes	no	no
239	290.0	gb|FJ919776|+|208-1069|ARO:3001034|TEM-168	5967	277.0	5967	yes	no	no
240	52.0	gb|FN649414.1|+|2765050-2766355|ARO:3004611|Escherichia_coli_ampC1_beta-lactamase	27823	40.0	27823	yes	no	no
241	295.0	gb|FN652295|+|0-861|ARO:3001042|TEM-177	5967	282.0	5967	yes	no	no
242	50.0	gb|FO203501.1|+|5123640-5125365|ARO:3005047|eptB	655	38.0	655	yes	no	no
243	44.0	gb|FO834906.1|+|304977-306633|ARO:3005053|ArnT	33285	32.0	33285	yes	no	no
244	62.0	gb|FO834906.1|-|2173974-2175099|ARO:3005044|OmpA	2227	50.0	2227	yes	no	no
245	63.0	gb|FO834906.1|-|2173974-2175099|ARO:3005044|OmpA	2851	50.0	2227	no	no	no
246	345.0	gb|FR717535|+|0-861|ARO:3000910|TEM-40	5967	332.0	5967	yes	no	no
247	301.0	gb|FR848831|+|0-861|ARO:3001375|TEM-184	5967	288.0	5967	yes	no	no
248	293.0	gb|GQ149347|+|5269-6130|ARO:3001037|TEM-171	5967	280.0	5967	yes	no	no
249	83.0	gb|GQ390805|+|0-813|ARO:3001170|SHV-123	5151	70.0	5151	yes	no	no
250	84.0	gb|GQ390806|+|0-813|ARO:3001171|SHV-124	5151	71.0	5151	yes	no	no
251	85.0	gb|GQ390807|+|0-813|ARO:3001172|SHV-125	5151	72.0	5151	yes	no	no
252	86.0	gb|GQ390808|+|0-813|ARO:3001173|SHV-126	5151	73.0	5151	yes	no	no
253	87.0	gb|GQ390809|+|0-813|ARO:3001174|SHV-127	5151	74.0	5151	yes	no	no
254	38.0	gb|GQ900432.1|-|26737-27499|ARO:3003905|ANT(4')-Ib	117	27.0	117	yes	no	no
255	342.0	gb|GU371926|-|50304-51165|ARO:3000903|TEM-33	5967	329.0	5967	yes	no	no
256	294.0	gb|GU550123|+|144-1005|ARO:3001041|TEM-176	5967	281.0	5967	yes	no	no
257	10.0	gb|GU565967.1|-|24979-26419|ARO:3002597|AAC(6')-Ie-APH(2'')-Ia	20533	12.0	20533	yes	no	no
258	89.0	gb|GU827715|+|0-861|ARO:3001176|SHV-129	5151	76.0	5151	yes	no	no
259	88.0	gb|GU932590|+|0-861|ARO:3001175|SHV-128	5151	75.0	5151	yes	no	no
260	121.0	gb|HE981194|+|0-861|ARO:3001347|SHV-164	5151	108.0	5151	yes	no	no
261	331.0	gb|HG934763|+|0-861|ARO:3001394|TEM-217	5967	318.0	5967	yes	no	no
262	132.0	gb|HG934764|+|0-864|ARO:3001351|SHV-183	5151	119.0	5151	yes	no	no
263	304.0	gb|HM246246|+|211-1069|ARO:3001047|TEM-187	5967	291.0	5967	yes	no	no
264	92.0	gb|HM559945|+|0-861|ARO:3001178|SHV-134	5151	79.0	5151	yes	no	no
265	74.0	gb|HM751100|+|0-861|ARO:3001157|SHV-108	5151	61.0	5151	yes	no	no
266	82.0	gb|HM751103.1|+|0-864|ARO:3001169|SHV-122	5151	69.0	5151	yes	no	no
267	299.0	gb|HQ317449|+|0-861|ARO:3001373|TEM-182	5967	286.0	5967	yes	no	no
268	300.0	gb|HQ529916|+|110-971|ARO:3001045|TEM-183	5967	287.0	5967	yes	no	no
269	93.0	gb|HQ637576|+|0-861|ARO:3001179|SHV-135	5151	80.0	5151	yes	no	no
270	81.0	gb|HQ661362|+|71-932|ARO:3001168|SHV-121	5151	68.0	5151	yes	no	no
271	94.0	gb|HQ661363|+|71-932|ARO:3001181|SHV-137	5151	81.0	5151	yes	no	no
272	175.0	gb|HQ845196|+|0-861|ARO:3001109|SHV-52	5151	162.0	5151	yes	no	no
273	314.0	gb|HQ877606|+|0-861|ARO:3001056|TEM-197	5967	301.0	5967	yes	no	no
274	76.0	gb|HQ877615|+|0-861|ARO:3001159|SHV-110	5151	63.0	5151	yes	no	no
275	302.0	gb|JF795538|+|0-861|ARO:3001374|TEM-185	5967	289.0	5967	yes	no	no
276	80.0	gb|JF812965|+|0-861|ARO:3001167|SHV-120	5151	67.0	5151	yes	no	no
277	309.0	gb|JF949915|+|0-754|ARO:3001052|TEM-192	5967	296.0	5967	yes	no	no
278	222.0	gb|JF969163|+|1053-1893|ARO:3000410|sul1	28541	209.0	28541	yes	no	no
279	96.0	gb|JN051143|+|0-861|ARO:3001182|SHV-140	5151	83.0	5151	yes	no	no
280	305.0	gb|JN211012|+|213-1074|ARO:3001048|TEM-188	5967	292.0	5967	yes	no	no
281	303.0	gb|JN227084|+|308-1169|ARO:3001046|TEM-186	5967	290.0	5967	yes	no	no
282	306.0	gb|JN254627|+|0-861|ARO:3001049|TEM-189	5967	293.0	5967	yes	no	no
283	307.0	gb|JN416112|+|0-861|ARO:3001050|TEM-190	5967	294.0	5967	yes	no	no
284	310.0	gb|JN935135|+|0-861|ARO:3001053|TEM-193	5967	297.0	5967	yes	no	no
285	311.0	gb|JN935136|+|0-861|ARO:3001054|TEM-194	5967	298.0	5967	yes	no	no
286	312.0	gb|JN935137|+|0-861|ARO:3001055|TEM-195	5967	299.0	5967	yes	no	no
287	98.0	gb|JQ029959|+|28-889|ARO:3001184|SHV-142	5151	85.0	5151	yes	no	no
288	313.0	gb|JQ034306|+|0-861|ARO:3001376|TEM-196	5967	300.0	5967	yes	no	no
289	99.0	gb|JQ341060.1|-|881-1742|ARO:3001344|SHV-143	5151	86.0	5151	yes	no	no
290	97.0	gb|JQ388884|+|0-861|ARO:3001183|SHV-141	5151	84.0	5151	yes	no	no
291	6.0	gb|JQ808129|+|633-1188|ARO:3002546|AAC(6')-Ib	7593	8.0	7593	yes	no	no
292	100.0	gb|JQ926986|+|0-861|ARO:3001345|SHV-144	5151	87.0	5151	yes	no	no
293	101.0	gb|JX013655|+|0-861|ARO:3001185|SHV-145	5151	88.0	5151	yes	no	no
294	317.0	gb|JX042489|+|141-1002|ARO:3000890|TEM-19	5967	304.0	5967	yes	no	no
295	316.0	gb|JX050178|+|0-853|ARO:3001058|TEM-199	5967			no	no	yes
296	102.0	gb|JX121114|+|0-858|ARO:3001186|SHV-147	5151	89.0	5151	yes	no	no
297	103.0	gb|JX121115|+|0-858|ARO:3001187|SHV-148	5151	90.0	5151	yes	no	no
298	104.0	gb|JX121116|+|0-858|ARO:3001188|SHV-149	5151	91.0	5151	yes	no	no
299	106.0	gb|JX121117|+|0-858|ARO:3001189|SHV-150	5151	93.0	5151	yes	no	no
300	107.0	gb|JX121118|+|0-858|ARO:3001190|SHV-151	5151	94.0	5151	yes	no	no
301	108.0	gb|JX121119|+|0-858|ARO:3001191|SHV-152	5151	95.0	5151	yes	no	no
302	109.0	gb|JX121120|+|0-858|ARO:3001192|SHV-153	5151	96.0	5151	yes	no	no
303	110.0	gb|JX121121|+|0-858|ARO:3001193|SHV-154	5151	97.0	5151	yes	no	no
304	111.0	gb|JX121122|+|0-858|ARO:3001194|SHV-155	5151	98.0	5151	yes	no	no
305	112.0	gb|JX121123|+|0-861|ARO:3001195|SHV-156	5151	99.0	5151	yes	no	no
306	113.0	gb|JX121124|+|0-861|ARO:3001196|SHV-157	5151	100.0	5151	yes	no	no
307	114.0	gb|JX121125|+|0-858|ARO:3001197|SHV-158	5151	101.0	5151	yes	no	no
308	115.0	gb|JX121126|+|0-858|ARO:3001198|SHV-159	5151	102.0	5151	yes	no	no
309	117.0	gb|JX121127|+|0-861|ARO:3001199|SHV-160	5151	104.0	5151	yes	no	no
310	118.0	gb|JX121128|+|0-861|ARO:3001200|SHV-161	5151	105.0	5151	yes	no	no
311	119.0	gb|JX121129|+|0-858|ARO:3001201|SHV-162	5151	106.0	5151	yes	no	no
312	120.0	gb|JX121130|+|0-858|ARO:3001202|SHV-163	5151	107.0	5151	yes	no	no
313	122.0	gb|JX121131|+|0-858|ARO:3001203|SHV-165	5151	109.0	5151	yes	no	no
314	156.0	gb|JX268631|+|0-861|ARO:3001091|SHV-33	5151	143.0	5151	yes	no	no
315	319.0	gb|JX310327|+|0-861|ARO:3001378|TEM-201	5967	306.0	5967	yes	no	no
316	124.0	gb|JX870080|+|0-861|ARO:3001352|SHV-168	5151	111.0	5151	yes	no	no
317	276.0	gb|KC149518|+|0-861|ARO:3001369|TEM-153	5967	263.0	5967	yes	no	no
318	59.0	gb|KC243783|+|0-2007|ARO:3000617|mecA	32799	47.0	32799	yes	no	no
319	343.0	gb|KC292503|+|4334-5195|ARO:3000904|TEM-34	5967	330.0	5967	yes	no	no
320	321.0	gb|KC783461|+|0-861|ARO:3001383|TEM-206	5967	308.0	5967	yes	no	no
321	322.0	gb|KC818234|+|0-861|ARO:3001384|TEM-207	5967	309.0	5967	yes	no	no
322	323.0	gb|KC865667|+|183-1044|ARO:3001385|TEM-208	5967	310.0	5967	yes	no	no
323	320.0	gb|KC900516|+|0-858|ARO:3001382|TEM-205	5967	307.0	5967	yes	no	no
324	324.0	gb|KF240808|+|0-861|ARO:3001386|TEM-209	5967	311.0	5967	yes	no	no
325	126.0	gb|KF513177|+|0-861|ARO:3001356|SHV-172	5151	113.0	5151	yes	no	no
326	127.0	gb|KF513178|+|0-861|ARO:3001357|SHV-173	5151	114.0	5151	yes	no	no
327	326.0	gb|KF513179|+|0-861|ARO:3001388|TEM-211	5967	313.0	5967	yes	no	no
328	327.0	gb|KF663615|+|0-858|ARO:3001390|TEM-213	5967	314.0	5967	yes	no	no
329	129.0	gb|KF705208|+|0-861|ARO:3001362|SHV-179	5151	116.0	5151	yes	no	no
330	128.0	gb|KF705209|+|0-861|ARO:3001361|SHV-178	5151	115.0	5151	yes	no	no
331	48.0	gb|KF921535.1|+|617-1091|ARO:3002859|dfrA14	27465	36.0	27465	yes	no	no
332	330.0	gb|KF944358|+|0-861|ARO:3001393|TEM-216	5967	317.0	5967	yes	no	no
333	78.0	gb|KJ776406|+|16-877|ARO:3001340|SHV-119	5151	65.0	5151	yes	no	no
334	332.0	gb|KM114268|+|0-861|ARO:3003157|TEM-219	5967	319.0	5967	yes	no	no
335	133.0	gb|KM233164|+|0-861|ARO:3003152|SHV-185	5151	120.0	5151	yes	no	no
336	134.0	gb|KM233165|+|0-861|ARO:3003153|SHV-186	5151	121.0	5151	yes	no	no
337	334.0	gb|KM998962.1|+|0-861|ARO:3003158|TEM-220	5967	321.0	5967	yes	no	no
338	130.0	gb|KP050487.1|+|0-861|ARO:3001350|SHV-180	5151	117.0	5151	yes	no	no
339	131.0	gb|KP050489|+|0-861|ARO:3001364|SHV-182	5151	118.0	5151	yes	no	no
340	328.0	gb|KP050491|+|0-861|ARO:3001391|TEM-214	5967	315.0	5967	yes	no	no
341	329.0	gb|KP050492|+|0-861|ARO:3001392|TEM-215	5967	316.0	5967	yes	no	no
342	137.0	gb|KP050494|+|0-861|ARO:3003156|SHV-189	5151	124.0	5151	yes	no	no
343	55.0	gb|KP143090.1|-|1199-1619|ARO:3003209|FosA5	1851	43.0	1851	yes	no	no
344	56.0	gb|KU254579.1|+|59421-59841|ARO:3004111|FosA6	1851	44.0	1851	yes	no	no
345	162.0	gb|KX092356.1|+|192-1053|ARO:3001062|SHV-3	5151	149.0	5151	yes	no	no
346	308.0	gb|KY432484.1|+|0-861|ARO:3001051|TEM-191	5967	295.0	5967	yes	no	no
347	352.0	gb|LK391770.1|+|19707-20568|ARO:3000876|TEM-4	5967	339.0	5967	yes	no	no
348	135.0	gb|LN515533|+|0-867|ARO:3003154|SHV-187	5151	122.0	5151	yes	no	no
349	136.0	gb|LN515534|+|0-873|ARO:3003155|SHV-188	5151	123.0	5151	yes	no	no
350	172.0	gb|LT985229.1|+|36107-36968|ARO:3001063|SHV-4	5151	159.0	5151	yes	no	no
351	64.0	gb|M55547|+|0-825|ARO:3001404|OXA-9	7593	51.0	7593	yes	no	no
352	253.0	gb|M88143|+|367-1228|ARO:3000884|TEM-12	5967	240.0	5967	yes	no	no
353	298.0	gb|NG_050218.1|+|0-1061|ARO:3001044|TEM-181	5965, 5967			no	no	yes
354	337.0	gb|NG_050256.1|+|100-961|ARO:3000896|TEM-26	5967	324.0	5967	yes	no	no
355	220.0	gb|S82452|+|120-978|ARO:3001068|SHV-9	5151	207.0	5151	yes	no	no
356	45.0	gb|U00096.3|-|3203309-3204131|ARO:3002986|bacA	7845	33.0	7845	yes	no	no
357	53.0	gb|U00096.3|-|4377810-4378944|ARO:3004290|Escherichia_coli_ampC	4579	41.0	4579	yes	no	no
358	57.0	gb|U00096.3|-|721055-721733|ARO:3003841|kdpE	7827	45.0	7827	yes	no	no
359	66.0	gb|U00096|+|2367070-2368039|ARO:3003578|pmrF	3167	53.0	3167	yes	no	no
360	392.0	gb|U00096|-|2098446-2099613|ARO:3003577|ugd	3493	379.0	3493	yes	no	no
361	202.0	gb|U20270|+|124-985|ARO:3001066|SHV-7	5151	189.0	5151	yes	no	no
362	239.0	gb|U36911.1|+|1429-2290|ARO:3000979|TEM-116	5967	226.0	5967	yes	no	no
363	338.0	gb|U37195|+|75-936|ARO:3000898|TEM-28	5967	325.0	5967	yes	no	no
364	0.0	gb|U59183|+|247-859|ARO:3002581|AAC(6')-Ib10	7593	0.0	7593	yes	no	no
365	211.0	gb|U92041|+|0-861|ARO:3001067|SHV-8	5151	198.0	5151	yes	no	no
366	347.0	gb|U95363|+|0-861|ARO:3000912|TEM-43	5967	334.0	5967	yes	no	no
367	46.0	gb|V00622|+|243-903|ARO:3002683|catI	77	34.0	77	yes	no	no
368	39.0	gb|X02588.1|+|330-1113|ARO:3002630|ANT(9)-Ia	499	28.0	499	yes	no	no
369	51.0	gb|X03216.1|-|4550-5282|ARO:3000347|ErmA	499	39.0	499	yes	no	no
370	47.0	gb|X53796.1|+|186-828|ARO:3004656|catII_from_Escherichia_coli_K-12	173	35.0	173	yes	no	no
371	340.0	gb|X54606|+|214-1075|ARO:3000874|TEM-2	5967	327.0	5967	yes	no	no
372	181.0	gb|X55640|+|111-972|ARO:3001064|SHV-5	5151	168.0	5151	yes	no	no
373	363.0	gb|X57972|+|339-1200|ARO:3000878|TEM-6	5967	350.0	5967	yes	no	no
374	344.0	gb|X64523.1|-|476-1337|ARO:3000875|TEM-3	5967	331.0	5967	yes	no	no
375	383.0	gb|X65252|+|175-1036|ARO:3000880|TEM-8	5967	370.0	5967	yes	no	no
376	336.0	gb|X65253|+|175-1036|ARO:3000894|TEM-24	5967	323.0	5967	yes	no	no
377	292.0	gb|X65254|+|175-1036|ARO:3000887|TEM-16	5967	279.0	5967	yes	no	no
378	348.0	gb|X95401|+|208-1069|ARO:3000914|TEM-45	5967	335.0	5967	yes	no	no
379	296.0	gb|X97254|+|153-1011|ARO:3001043|TEM-178	5967	283.0	5967	yes	no	no
380	346.0	gb|X98047|+|0-844|ARO:3000911|TEM-42	5967	333.0	5967	yes	no	no
381	79.0	gb|X98101|+|73-934|ARO:3001070|SHV-11	5151	66.0	5151	yes	no	no
382	151.0	gb|X98102|+|73-934|ARO:3001061|SHV-2A	5151	138.0	5151	yes	no	no
383	349.0	gb|Y10279|+|0-861|ARO:3000916|TEM-47	5967	336.0	5967	yes	no	no
384	350.0	gb|Y10280|+|0-861|ARO:3000917|TEM-48	5967	337.0	5967	yes	no	no
385	351.0	gb|Y10281|+|0-861|ARO:3000918|TEM-49	5967	338.0	5967	yes	no	no
386	191.0	gb|Y11069|+|0-780|ARO:3001065|SHV-6	5151	178.0	5151	yes	no	no
387	353.0	gb|Y13612|+|0-861|ARO:3000921|TEM-52	5967	340.0	5967	yes	no	no
388	297.0	gb|Y14574|+|0-861|ARO:3000888|TEM-17	5967	284.0	5967	yes	no	no
389	325.0	gb|Y17581|+|78-936|ARO:3000891|TEM-20	5967	312.0	5967	yes	no	no
390	333.0	gb|Y17582|+|0-858|ARO:3000892|TEM-21	5967	320.0	5967	yes	no	no
391	335.0	gb|Y17583|+|213-1071|ARO:3000893|TEM-22	5967	322.0	5967	yes	no	no
392	339.0	gb|Y17584|+|0-858|ARO:3000899|TEM-29	5967	326.0	5967	yes	no	no
393		gb|AF527798.1|+|0-785|ARO:3000879|TEM-7  Partial		359.0	5967	no	yes	no
394		gb|AY130282|+|0-764|ARO:3000980|TEM-117  Partial		227.0	5967	no	yes	no
395		gb|AY130284|+|0-785|ARO:3000941|TEM-75  Partial		355.0	5967	no	yes	no
396		gb|AY130285|+|0-785|ARO:3000981|TEM-118  Partial		228.0	5967	no	yes	no
397		gb|AY590467|+|0-729|ARO:3001110|SHV-53  Partial		163.0	5151	no	yes	no
398		gb|JX050178|+|0-853|ARO:3001058|TEM-199  Partial		303.0	5967	no	yes	no
399		gb|NG_050218.1|+|0-1061|ARO:3001044|TEM-181  Partial		285.0	59655967	no	yes	no
